AiM9mZCmVPY	1990.0	Three IPOs That Will Reset Public Markets | The a16z Show
oYK_MmZW9XI	3324.0	Private Markets, Software Repricing and Capital Allocation | Marc Rowan on a16z
pddFfZy4nZU	722.0	Is Defense the Next Trillion-Dollar Category? | a16z American Dynamism Summit
Ie07zcmbnhM	672.0	How Founders Can Build for Law Enforcement and First Responders | The a16z Show
FnJaDj5zUhY	1414.0	The Founders Who Left Tesla to Rebuild America | a16z
9qqLihL4AWk	4425.0	Goldman Sachs Chairman on Why Finance Adopts AI Differently | a16z
k1z0e7bGzq0	3981.0	Marc Andreessen’s Worldview in 60 Minutes | Live on MTS
X9k53P-2SOg	1743.0	Ben Horowitz on American Dynamism and the Future of AI | The a16z Show
6cCWrrQp1v4	1716.0	NASA, SpaceX, Blue Origin, and The Race to The Moon | Jared Isaacman on The a16z Show
Z4i1adGvD2A	5003.0	Building Blackstone, Backing Costco, and Working with Munger | Tony James on The a16z Show
fUI0CNg1hCc	1375.0	Digital Freedom, AI Regulation, and the Fight for the Western Internet | The a16z Show
dvVbA9OcBqs	3503.0	Box CEO on AI Agents & Why Enterprise Can't Keep Up | a16z
82HsvG1_Nqk	3958.0	Marc Andreessen on how the internet changed news, politics, and outrage | The a16z Show
Mjc7vwys1vY	2000.0	Why Claude Feels Different (And What That Means for AI) | The a16z Show
IZDJ3jcO5UY	1730.0	Ben Horowitz on AI Anxiety, Big Tech Transitions & The Future of Startups | a16z
yiJOTCRVWjc	3243.0	Building Agents at Home: Homeschooling, Parenting and More | The a16z Show
dvt_74kV-RM	3509.0	Box CEO on the AI Adoption Gap | The a16z Show
oheUsh7VtKY	3945.0	Why Balaji Srinivasan Thinks the SaaS Apocalypse Is Overhyped | The a16z Show
UE8jx4dvlSQ	1785.0	OpenClaw, Claude Code, and the Future of Software | Peter Yang on The a16z Show
0_NGsljlo3o	2532.0	How Bots, Deepfakes and AI Agents Are Forcing a New Internet Identity Layer | Alex Blania on a16z
krdrkl38nRw	1637.0	How to Reorg After AI Changes Everything | Block's Owen Jennings on the a16z Show
YAyYCdCkwo4	3025.0	Tesla and SpaceX Alumni on Elon Musk, Decision Velocity, and the Future of Hard Tech | a16z
jHECsr9GCs8	2454.0	Inside The $100M Bet on the Future of Space | Northwood CEO on a16z
1LcH4lP9XbA	3256.0	Palantir CTO on The SaaS Apocalypse & Preventing The Next World War | a16z
CEOiwEemiTA	2791.0	Marc Andreessen & Ben Horowitz on a16z’s New Media Strategy
zwDmKsnhl08	2809.0	Why Scale Will Not Solve AGI | Vishal Misra - The a16z Show
tL3sXpxpCPs	1609.0	Emil Michael: The Department of War Is Moving Faster Than Silicon Valley on AI | The a16z Show
Wj6ttdIeBnE	1946.0	Palantir CEO on Iran, AI Weapons and American Domination | a16z American Dynamism Summit
U-TSafAIzXw	2313.0	Inside a16z’s Top 100 AI Apps Report with Olivia Moore
qTpCGe4A8PM	3051.0	Andrew Huberman: Peptides, Sleep Tech, and the End of Obesity
0lzo2tFBFy8	3259.0	Atlassian CEO on the SaaS Apocalypse, AI Agents & What Comes Next
uDuQKsdYfZw	3902.0	Inside The Life of Silicon Valley's First Athlete Investor | Magic Johnson
rSohMpT24SI	2853.0	AI Markets: Deep Dive with a16z's David George
afkFLnyrLww	672.0	The Story Behind ElevenLabs | Interview with CEO Mati Staniszewski
70ec37XHGIg	2436.0	How Truemed Is Incentivizing Americans to Invest in Prevention
jLVgGGz5bvk	2135.0	Ben Horowitz and David Solomon: The Sweetest Macro Spot in 40 Years
6HxT4nQmtvc	3821.0	The Biggest Bottlenecks For AI: Energy & Cooling
3XVDtPU8xKE	4185.0	The AI Opportunity that goes beyond Models
Kdql4I-NJ0M	3293.0	Ben & Marc: Why Everything Is About to Get 10x Bigger
M9VKnPMs6Rw	106.0	It's Time To Build
r8_2CSpcmls	2049.0	Ben Horowitz on Investing in AI: AI Bubbles, Economic Impact, and VC Acceleration
xRh2sVcNXQ8	4878.0	Marc Andreessen's 2026 Outlook: AI Timelines, US vs. China, and The Price of AI
J6_nNjy3al8	776.0	AI in 2026: 3 Predictions For What’s To Come (a16z Big Ideas)
p4-7x6QiYr0	2595.0	Where does consumer AI stand at the end of 2025?
BkJyVjq457w	750.0	AI Is Coming For These 3 Industries In 2026 (a16z Big Ideas)
ULszsXDyjMY	813.0	How AI Agents Will Transform in 2026 (a16z Big Ideas)
pDC8mIbjRgM	2738.0	How AI Will Transform Fintech In 2026
4bJOe2tuLb8	121.0	Two Futures | Runtime 2025
tR6g3zrk7eM	3502.0	“How We Can Eliminate Crime” | Ben Horowitz and Garrett Langley
JUAj9o6xCwg	207.0	The Renaissance of the American Factory | a16z 2026 Big Ideas
RH9vJNxFKDA	3727.0	AI Eats the World: Benedict Evans on the Next Platform Shift
MT4l_XrrRNc	3410.0	The Unicorn Founder Who Delegated Everything.
wZ4DT20OHXE	1809.0	The Chip That Could Unlock AGI.
fgzr3PhzIMk	3045.0	Why AI Moats Still Matter (And How They've Changed)
VMv00WR8EaA	3428.0	The $700 Billion AI Productivity Problem No One's Talking About
3x0jhpEj_6o	3203.0	How OpenAI Builds for 800 Million Weekly Users: Model Specialization and Fine-Tuning
jO-SWlW6DFY	3543.0	The Secret Marketing Strategy That Built a16z: From Zero to Legendary VC Firm
TbFSGiQdCaw	3530.0	The 2045 Superintelligence Timeline: Epoch AI’s Data-Driven Forecast
ywhugJuzcyE	3836.0	Robinhood CEO: Making Everyone An Owner
OqYUH7r96i4	4593.0	Ben Horowitz & Marc Andreessen: Why Silicon Valley Turned Against Defense (And How We're Fixing It)
Ua8nPJ1_yk8	4063.0	Emmett Shear on Building AI That Actually Cares: Beyond Control and Steering
M7eXyc8GLSo	3677.0	The Brutal Truth About Biotech: Why $2B Per Drug Is Killing Innovation
qzujiCVLfuA	3318.0	Rocket Companies CEO: Here’s How to Fix the Housing Crisis
fBfY7tWCecU	3151.0	Grant Lee: Building Gamma’s AI Presentation Company to 100 Million Users
deMrq2uzRKA	1660.0	Michael Truell: How Cursor Builds at the Speed of AI
191Ojd7Rq6s	3759.0	Amjad Masad & Adam D’Angelo: How Far Are We From AGI?
YnV8pgHtO5Y	2684.0	Mark Zuckerberg & Priscilla Chan: How AI Will Cure All Disease
-KfrrWRl3FA	3026.0	Seeing The Future from AI Companions to Personal Software
ZqCEHR4wjxg	1890.0	ElevenLabs CEO: Why Voice is the Next AI Interface
Uho2GupZSgU	4650.0	Sacks, Andreessen & Horowitz: How America Wins the AI Race Against China
Y7dwbJ0AtUA	2358.0	Marc Andreessen and Ben Horowitz on the State of AI
5ze3ZNvOdRY	1913.0	"Is there an AI bubble?” Gavin Baker and David George
OsLRf6r5U9E	1968.0	Building the Real-World Infrastructure for AI, with Google, Cisco & a16z
I8VUN141MjU	3252.0	Google DeepMind Developers: How Nano Banana Was Made
dA70aAiSxv4	4582.0	Marc Andreessen: How Movies Explain America
g-WeCOUYBrk	4317.0	Marc Andreessen & Amjad Masad on “Good Enough” AI, AGI, and the End of Coding
VOUCufY_0nA	5055.0	Why Creativity Will Matter More Than Code | Kevin Rose and Anish Acharya
A_RDxT6cEBk	2250.0	How Kong Was Born: APIs, Hustle, and the Future of AI Infrastructure
brjL6iyoEhI	3183.0	Reid Hoffman on AI, Consciousness, and the Future of Labor
m6bkPPXHWX0	4112.0	Marc Andreessen on the State of Film and Hollywood
Kw2bK_jLz8M	2895.0	Keith Rabois: Israel, OpenAI, Opendoor, and DOGE
CWAMH9xMJfg	3892.0	Ben Horowitz and Ali Ghodsi: How to Run a $100 Billion Business
nkmPNvAU49Q	5443.0	Is AI Slowing Down? Nathan Labenz Says We're Asking the Wrong Question
uRuY0ozEm3Q	3048.0	Will LLMs Get Us To AGI?
JfE1Wun9xkk	2967.0	Sam Altman on Sora, Energy, and Building an AI Empire
gfhV8gAl3eY	3354.0	Opendoor CEO: Building the Amazon for Homes
yYgvCYVUthI	3786.0	The Lawyerly Society vs. The Engineering State: Who Owns the Future?
dhyhR4Bzc0I	1593.0	Software is Eating Labor
GRGQOcFClHU	2577.0	The Person Who Runs HR For 2 Million Federal Workers
5FoWFeJCa2A	3109.0	Building an AI Physicist: ChatGPT Co-Creator’s Next Venture
ShkxpBoObCQ	3358.0	Anduril CEO: China Has Scale. Can America Catch Up?
zqrxCx7KKLY	3559.0	The Common Thread of All Technology: Monitoring the Situation, Ep.1
KSgPNVmZ8jQ	3184.0	From Vibe Coding to Vibe Researching: OpenAI’s Mark Chen and Jakub Pachocki
JI_lyrkh4Gs	3575.0	Software Finally Eats Services - Aaron Levie
wfBN1fOd-e8	3540.0	Taking Bold Bets: NIH and the Future of Biomedical Science
vvlE8-MzxyA	5938.0	Dylan Patel on the AI Chip Race - NVIDIA, Intel & the US Government vs. China
74Yk7mbbQ0g	2704.0	The Death of Search: How Shopping Will Work In The Age of AI
eAODQUKqDiU	3339.0	Faster Science, Better Drugs
tJdtt8n0Kgw	2575.0	Chris Dixon on How to Build Networks, Movements, and AI-Native Products
HON8PRwII4s	3667.0	Mark Cuban on the NBA, Cost Plus Drugs, and How to Fix Politics
ZISvCnGmq_s	3422.0	The Little Tech Agenda for AI
roJUhk8qeRY	3352.0	Is Non-Consensus Investing Overrated?
4XgSfhj-LQU	3132.0	Jack Altman & Martin Casado on the Future of Venture Capital
suQzCETsetc	2839.0	Substack Cofounder on AI Slop Content & the Decline of Social Media
PBcxfEnPU_U	1563.0	The Top 100 Most Used AI Apps in 2025
xWtxi1NWUGg	2835.0	How Scale AI is Pioneering the Future of Work
1z1xZF7X2cQ	3365.0	Aaron Levie and Steven Sinofsky on the AI-Worker Future
njfAB-oyNfY	2396.0	Ben Horowitz Shares the a16z Origin Story & Plans for the Future
CIEZAMnIVT4	1418.0	The State of AI: Growth, Fragmentation, and the Next Wave
27_p2hw__Sg	2409.0	Can AI Fix Housing and Healthcare Affordability?
fVjWLn5tquw	4365.0	Oren Cass & Noah Smith Debate the True Impact of Tariffs
xWRPXY8vLY4	3976.0	Dylan Patel on GPT-5’s Router Moment, GPUs vs TPUs, Monetization
tWgjhC7dJRo	2542.0	Google DeepMind Lead Researchers on Genie 3 & the Future of World-Building
L5za2B9p448	2519.0	The Current Reality of American AI Policy: From ‘Pause AI’ to ‘Build’
kT58cK3V2xc	2815.0	Why AI Characters & Virtual Influencers Are the Next Frontier in Video ft Hedra’s Michael Lingelbach
qluWpYMYR0U	1669.0	This Week in AI: GPT-5 Ships, 4o Pulled Back, Grok Imagine Goes Social
Bry2YMOWULs	556.0	2025 AI Productivity Stack: Top 10 AI Tools I Use Weekly to Get More Done
aHEkd3NNP_A	4689.0	Steven Sinofsky & Balaji Srinivasan on the Future of M&A, AI & Tech
k6DM-sgYu8M	2568.0	GPT-5 and Agents Breakdown – w/ OpenAI Researchers Isa Fulford & Christina Kim
8Je9HzxYfm8	2673.0	From the Dot-Com Crash to the AI Era: How Builders Survive Waves of Disruption
FuvxluTePk0	2196.0	Marc Andreessen: The US is in a AI Arms Race & It Decides The World's Future
pjC6C8gfUps	4219.0	Dwarkesh Patel and Noah Smith on AGI and the Economy
NKNYKYoDSNA	2302.0	The Future of AI Video: How Fal.ai is Making AI Video Faster & Easier
cBFbXRjTVLc	6173.0	Tech vs. Media: Balaji Srinivasan on the Battle Shaping Our Future
fzcUaxTmuV0	1694.0	Health Tech Founders: The Future of Care Is Personalized, Proactive—and AI-Powered
2qOdhmmpveA	2734.0	AI Content and the War for Your Attention
LM7snohbu4k	4312.0	Balaji Srinivasan: How AI Will Change Politics, War, and Money
8qtI1sVfNT0	5972.0	Marc & Ben on the Collapse of Traditional Media - Podcasts, Politics & the New Media Playbook
ofeehL9LHiM	3374.0	The U.S. Can’t Build AI Without These Materials
6f9EUqRS-NU	542.0	Live Demo & Review of the Newest AI Browsers: Dia vs Comet
EIPxf7rgIPI	2850.0	The Future of Software Development - Vibe Coding, Prompt Engineering & AI Assistants
QLvPAAvueSY	2487.0	Tech Executives: AI Has Changed SaaS Forever (Don't Fall Behind)
yjKmMxUz2xc	2955.0	America's Energy Problem: We Need A New Grid
EjLkFc1xgR4	3548.0	Aaron Levie on AI's Enterprise Adoption
0biSwEL5eMQ	2476.0	Crypto Experts Explain Stablecoins & the Future Financial System w/ Ali Yahya & Arianna Simpson
jmBeqGrWODs	1396.0	How AI Will Impact Emergency Response: The Tech That Could Soon Save Your Life w/ Michael Chime
speAFaUTRXU	1844.0	Former Microsoft Executive Explains Where We Are in the AI Cycle w/ Anish Acharya & Steven Sinofsky
A1elR8lofOo	1849.0	Can AI Solve Healthcare's Urgent Workforce Challenges? w/ Ankit Jain
BR1-JrGbwxY	2496.0	Building Cluely: The Viral AI Startup that raised $15M in 10 Weeks w/ Roy Lee
dfGANTiLlwE	2331.0	Founders, Media, & Memes: a16z’s Strategy for the Future | a16z LP Summit 2025
EqHV0VoKBWg	1813.0	TikTok & AI Have Changed Education Forever - What it means for Teachers, Students & Parents
9mX5PC-_aO8	899.0	Inside a Billion Dollar Company Using AI to Supercharge Marketing & Sales
Xi0GWhfydxs	3217.0	Former Microsoft Executive on Apple’s Hidden China Problem
kzFwwIDWU38	1459.0	AI is Revolutionizing Web Security - Bots, Agents, & Real-Time Defense
fySodSi4aUU	1776.0	What You Missed in AI This Week (Google, Apple, ChatGPT)
I54nl2LkigA	5384.0	Adam Neumann: This is How You Build Iconic Companies
4hP2RrFduMQ	854.0	The Ultimate AI Video Stack: Up-to-Date Best Tools to Make Content With AI
GqviWpv5t4o	2036.0	Giving New Life to Unstructured Data with LLMs and Agents
we9mNqAW_5I	2603.0	The State of Consumer Tech in the Age of AI
fQGu016AlVo	1346.0	How Fei-Fei Li Is Rebuilding AI for the Real World
qObbK4SjZnk	2257.0	Marc Andreessen Reveals His Biggest Wins and Mistakes at a16z
izL5YPAF5Dg	2282.0	Where Crypto Meets AI with Chris Dixon & David George
G6os1GllrSo	2769.0	Hey Tech, Come to Healthcare
YP3Vmh4tYog	6301.0	Beyond Leaderboards: LMArena’s Mission to Make AI Reliable
7s9C92Pkcc0	4699.0	Rick Rubin: Vibe Coding is the Punk Rock of Software
MueFKX906aI	1289.0	7 More Healthy Years: What We Can Learn from Super Agers
Vw0XjhfAWis	976.0	Sovereign AI: Why Nations Are Building Their Own Models
o-TdD_hLt5s	2749.0	Building AI Systems You Can Trust
6Z5hlKIDV44	2606.0	Who's Coding Now? - AI and the Future of Software Development
VdxGI__WRjE	1585.0	Modernizing Warfare and Beyond
xGEUPLLuEIo	2209.0	What Is an AI Agent?
tgo0jTdN8Eg	1261.0	How to Enable a Manufacturing Renaissance
DgD7UG4oQ9g	1638.0	Biotech CEO on where we are in the fight to cure cancer
qpBDB2NjaWY	5458.0	How Andreessen Horowitz Disrupted VC & What’s Coming Next
boG78ZxL0OE	2618.0	The Software Crisis Behind America's Infrastructure
qEjTz2ZmxHI	2058.0	What Comes After Mobile? Meta’s Andrew Bosworth on AI and Consumer Tech
Vm7uU35YG6Y	1610.0	Powering the Next Big Things
eWgtPdmlZ4o	953.0	The Kill Chain:  2025 Edition
e1D9WAoWWKI	1452.0	JD Vance on the Future of America
8i49Thiu-Ec	1288.0	Mobilizing the American Industrial Base
RZGkK4leMbs	1787.0	Ben Horowitz on Leadership and Culture
_La0LLah2VQ	115.0	National Anthem at the 2025 a16z American Dynamism Summit
yqf20n6q2vI	2356.0	The Dual-Use Founder: Vets Now Building For America
uLgY_uN9Ops	2446.0	Autonomy is no longer a moonshot—it’s a market
PZL-0yzCaSQ	2619.0	Drone Warfare: The New Rules of Combat Are Here
gXDqRbs6VSg	901.0	Unbundling the BPO: How AI Is Disrupting Outsourced Work
YNSXYD4nnw0	3167.0	Can the Military Move at Startup Speed? How the Army and Navy Are Rebuilding
c0_7ffZte80	2185.0	The Top 100 GenAI Products, Ranked and Explained
8fxX1IuWIek	2644.0	Automating Developer Email with MCP and AI Agents
jDb8IF_BrA0	1558.0	The Future of Digital Workers
Ww9SkW0Em58	3687.0	Jensen Huang & Arthur Mensch: Why Every Nation Needs Its Own AI Strategy
_j_lxIgMx8Q	1945.0	Scaling Medicaid Innovation with Rajaie Batniji, Sanjay Basu, and Afia Asamoah
-_qYRdEcNiE	2478.0	Why AI Voice Feels More Human Than Ever
Yxp9SlOS5RY	82.0	It's Time to Build for America - American Dynamism Summit 2025
X-NVAlap7vY	850.0	Why American Dynamism Is Just Getting Started
bTcpNQH8ViQ	5774.0	Building the Next Generation of Conversational AI
xxA-M3HrKrc	2077.0	Vibe Coding is Here - How AI is Changing How We Build Online
RrNuS5Le4Ts	2494.0	Agent Experience: Building an Open Web for the AI Era
Ae_Ieh93K64	1627.0	DeepSeek, Reasoning Models, and the Future of LLMs
uGWTaEm5498	1361.0	How to spot an AI Deepfake
hJdiquz7Fyc	1234.0	Avoiding vulnerabilities in AI code
5EKcsUEVLpg	929.0	How to use DeepSeek safely
ZESTYyGZ7Y4	2537.0	Agents, Lawyers, and LLMs
gioxu1CVjhM	2394.0	Who Will Own the Internet? a16z’s Chris Dixon on AI and Crypto
IfuMoOciTPo	2243.0	Reasoning Models Are Remaking Professional Services
7lfTewdP1c4	2670.0	What DeepSeek Means For The Future Of AI | Tech Veterans Weigh In
4j5vN0gCX90	1816.0	How AI is Powering Payments, with Greg Ulrich of Mastercard
RFfmebZyN1w	4178.0	Ben Horowitz in Conversation w/ Dr. Clarence B. Jones, MLK's Advisor and Speechwriter
5gd4WiER8o0	2223.0	How AI Is Changing Warfare, with Anduril CEO Brian Schimpf
6qQoZsfA_Iw	2708.0	How AI is Reshaping Labor Markets: A $Trillion-Dollar Opportunity Explained
LEksqAk3yrQ	1085.0	AI Is Becoming a Regional Race
N0Bdbpy03yk	531.0	From Cloud to Edge: AI Gets Personal
fDLL7wKF2t8	577.0	Bringing Space Data Down to Earth
y19hzwTGIss	852.0	Virtual Worlds Mean Real Business: How Games Power the Future
Q8prkuwQVQU	1083.0	AI-Powered Acquisitions: A New Playbook
O6DtzLGLNWY	877.0	RIP to RPA: How AI Makes Operations Work
x0yt31WSGIs	1299.0	AI: The Ultimate Healthcare Hire
OPRJI8Djfq8	832.0	How AI Will Transform Accounting: A $100B Opportunity Explained
qmCHfOBAnR4	680.0	When Regulation Becomes Code
FT8pF9Pusj4	2417.0	Building a $20B+ Open Source Business with MongoDB and Viam's Eliot Horowitz
gXWdWUvDECA	1505.0	Mastering Your Data with Sajith Wickramasekara
2ckJt7bSqgQ	740.0	Jobs of the Future: Where Hardware Meets Software
98Afn21BFxE	1920.0	How Zapier Became Profitable in 3 Years and Scaled to $5B with Wade Foster
Bv36kG4bR3w	759.0	The 2025 AI Search Race
jfQszP-zXNc	1835.0	How Gusto Used Customer Input to Scale Growth with Tomer London
Yp5gmjBJV1k	137.0	Big Ideas in Tech 2025
WzrwYu6IZB4	583.0	Disrupt Yourself
XjGFurGmh4g	709.0	How GenAI-Based Software Is Advancing Marketing and Sales
ITrCG1Aeamw	903.0	"Death of a Salesforce”: Why AI Will Transform the Next Generation of Sales Tech
vNW6p98SFsw	4453.0	Las Vegas is Becoming the SAFEST City in America
wQWjku287EQ	1628.0	The Future of Health Insurance in a Work Remote World
g4jWb-0nj44	3555.0	Trump is About to Change Everything For Tech Startups
hookUj3vkE4	4741.0	Marc & Ben on AI Policy, Safety, Censorship & Unexpected Risks
l-p9xZI3w_I	1827.0	Can We Detect a Deepfake?
1_ZB7O_9hlQ	2184.0	AI, Robotics & the New Global Arms Race
EKspo1FLj-4	2446.0	Truth Terminal - The AI Bot That Became a Crypto Millionaire
qFtb-we_Af0	2090.0	How to Build a Thriving AI Ecosystem with Lisa Su, CEO of AMD
XtErjGIBGL8	1717.0	AI at the Intersection of Bio | Vijay Pande, Surya Ganguli & Bowen Liu
goMey2Ir-m0	4594.0	The Quest for Community-Trained Open Source AI Models
HSeE40X60rA	2109.0	Why Human Data is Key to AI: Alexandr Wang from Scale AI
vIXfYFB7aBI	2890.0	“The Future of AI is Here” — Fei-Fei Li Unveils the Next Frontier of AI
SHAz2iG5o6U	1779.0	Luma's Dream Machine and Reasoning in Video Models
1043vBuC_-w	2088.0	Implementation, Data, Impact of Healthcare AI with Julie and Vijay
yn0m8JJCFUc	351.0	Ideogram: Unlocking Precision Image Generation
wKWQUdpJggM	330.0	Why will healthcare be the industry that benefits the most from AI?
ZYB1l3ML1v0	390.0	Udio: From Text to Tune
IebslwhPzFo	318.0	Viggle: When Memes Become 3D
35IRPHXb7EQ	384.0	Krea: Building the UI for AI Art
WzPexOnnzFI	2204.0	How Waymo Is Using GenAI to Build a Better Driver
j9f-sM-XuQY	1848.0	AI in Pharmaceutical R&D with Kim Branson
ABn8Ti0sxBY	424.0	Civitai: Open Sourcing AI Art
hiYSyRmOqdk	298.0	ElevenLabs: Bringing Voice to Life
wvbWooVlMIw	1444.0	Mark Casey (Capital Group): Public Market and Macro Perspectives
n_sNclEgQZQ	5471.0	Trump Vs. Biden: Tech Policy
8aTjA_bGZO4	6906.0	Marc Andreessen on Inventing The Internet Browser (How We all Access the Internet)
JwQP0zAsQEs	2252.0	Grand Challenges in Healthcare AI with Vijay Pande and Julie Yoo
CHvUp1rynek	2780.0	How Discord Became a Developer Platform
8CVBEk0PnVI	1558.0	Zach Perret (Plaid) & Simon Khalaf (Marqeta): New Applications in Fintech
EpvhuaD5Kk0	2758.0	Marc Andreessen & Andrew Chen Talk Creative Computers
eCO6qG-l6SQ	349.0	SPEEDRUN: Building AI Souls with Personality
HkOJy8rMlMw	891.0	The Future of Prosumer: The Rise of “AI Native” Workflows
79rc9thqv6w	937.0	The Top 100 GenAI Consumer Apps
2DisZWEb3bM	1588.0	7 Ways to Boost Retention (Both Pre- and Post-AI)
uKZuEsgGi94	422.0	AI Without Rules? Ben & Marc Debate the Future of Regulation
HWzALLsU1XI	242.0	Can AI Advance Science? DeepMind's VP of Science Weighs In
X48l6W1EBWY	3776.0	The Future of the American Dream
QyyWsr1NMt8	4788.0	AI, Robotics & the Future of Manufacturing
JwIXg_9lD10	616.0	Ben Horowitz & Marc Andreessen Compare the AI Boom Vs. Internet Boom
XyrBJ0gk-is	4789.0	Build Your Startup With AI
Fw4p85jSfQc	4874.0	Startup Building: Challenges & Opportunities
mW-ddMG-URQ	1940.0	Jeff Sloan (Global Payments): Placing Multiple Bets on ‘Mosaic of Solutions’
RyxJ5Pmrahg	1779.0	Marco Argenti (Goldman Sachs): Turning Developers into Clients
z9NKJQ1Ln5Q	2227.0	Marty Chavez (Sixth Street): Finding a Single Source of AI Truth
-zzrGs5Z1yk	4725.0	Startup Building: Major Shifts in Tech & Culture
dX7d6bRJI9k	6807.0	Politics & the Future of Tech
xgf2FD62j3g	2032.0	The Electric Grid, Explained
HQV9s_JgNZA	1784.0	Bringing AI to the Masses with Adam D'Angelo, CEO of Quora
BZUMZl4OsPI	3039.0	A Nuclear Comeback: Are New Reactors the Answer?
rr3ErEa0kKA	1864.0	America Needs More Techno-Optimism, with Marc Andreessen and Tyler Cowen
5uQm-qzQiI4	3112.0	Intelligence in the Age of AI with new CTO of the CIA
HN8H6JQGFXA	2826.0	From Silicon Valley to the Pentagon: The Future of Defense Innovation
gKvVcEAua7s	621.0	The Future of AI Is Amazing
2WnovPN0nb0	1134.0	Regulating Crypto in the Name of National Competitiveness
VN75v_jiLWA	1327.0	Collaborative Disruption at DoD
_pr4rQqh3Ao	843.0	Securing America's Future: How Technology Companies and Washington Are Building A Safer World
yeB9dcLvHL0	907.0	Collaborative Disruption at DoD: Kathleen Hicks in Conversation with Sharon Weinberger
tqgiGn73lrM	1469.0	Why America Must Lead in AI Investment
LFVg3xrzXEA	1149.0	Rebuilding the California Dream
bBcBb2CHodk	1286.0	The Next Generation of Leadership: A Conversation with Governor Wes Moore
rnl1_6pCu6Q	1558.0	Sharks Never Stop Swimming: A Conversation with Mark Cuban
i4F5nTv0WnM	1591.0	The China Threat: Silicon Valley and the Great Uncoupling
u95r025U9K8	5765.0	Future of Crypto, Blockchain & Web3 w/ Chris Dixon
0tsIbarSPLk	2346.0	Text to Video: The Next Leap in AI Generation
Ulpq0BXfaNQ	2091.0	Drones, Data, and Deterrence: Technology's Role in Public Safety
QmWspqG42Is	5832.0	The Declining State of Higher Education
EeIdalo2huI	7390.0	Fixing Higher Education & New Startup Opportunities
7J2_G4oHRQ0	6963.0	Crisis in Higher Ed & Why Universities Still Matter
zKbvKfj5qn4	1793.0	Fireside Chat with Sean Duffy
NhASk7rZsmU	2343.0	Safety in Numbers: Keeping AI Open
kdUUtgnet0E	1034.0	Big Ideas 2024: The Consumer AI Battleground Moves from Model to UX with Alex Immerman
E1NGCapnyn0	730.0	Big Ideas 2024: New Applications for Computer Vision and Video Intelligence with Kimberly Tan
7LTWVO5cUJ4	1381.0	Big Ideas 2024: A New Age of Maritime Exploration with Grant Gregory
yTZVcOmhmlw	1322.0	Big Ideas 2024: AI Interpretability: From Black Box to Clear Box with Anjney Midha
HTHDPupEWa8	988.0	Big Ideas 2024: The Rise of the Developer as a Buyer in Financial Services with Angela Strange
V8h11baC_ok	5203.0	Tony Robbins on the Future of Health & Longevity
lU4LRKy57zs	895.0	2024 Big Ideas: Anime Games Go Mainstream with Robin Guo
IZzn1buVsgg	1422.0	2024 Big Ideas: AI-First Games That Never End with Jonathan Lai
tC9ZURAtJNo	924.0	Redefining Partnership with Adam Neumann
VNGGwwrlu1Y	834.0	Big Ideas in 2024: Voice-First Apps Will Become Integral to Our Lives with Anish Acharya
scmM2Cb_7S4	2115.0	Launching a New Category with Modern Treasury's Dimitri Dadiomov
8wnNIGsIOvY	1472.0	Big Ideas in 2024: Programming Medicine’s Final Frontier with Jorge Conde
iMQw5WTwWF0	1434.0	Big Ideas in 2024: Democratizing “Miracle Drugs” with Julie Yoo
cp_gzcX3BEg	48.0	a16z Bio + Health: The Edge
8b8rLsz9jdQ	1982.0	Creating a Supportive Builder Community with Plaid's Zach Perret
lPGDwqY-zi8	4847.0	Advancing AI, Approaching VC's & Crypto Scandals: Ask Us Anything!
Thy_x3t3tL0	1926.0	Welding Yourself to Early Customers with Marqeta's Jason Gardner
A-XflwGDbw0	1727.0	Doubling Down on Founder-Led Sales with Pilot's Waseem Daher
CaZNUazcfyQ	1945.0	Competing in a Crowd of Incumbents with Mercury's Immad Akhund
fr8uKCxkk6g	78.0	Introducing: My First 16
d-hNCmHz1uo	2477.0	Inside AI Town: What AI Can Teach Us About Being Human
IO4KKjNaxdg	1101.0	The Unanswered Questions of Space: Quantum Entanglement, Dark Matter, and Dark Energy
wJ0fEtjYZ54	1136.0	The Calculus of Success
HCfwKBwxLYk	4883.0	Why It's Time to Be A Techno-Optimist
WQ7NIzZP-Dk	1097.0	Dunking in VR: Inside the Future of Sports
XAKjzjUCppE	2310.0	The Evolution of the Satellite Economy
FtrbqVSsJRE	271.0	What is Needed to Fully Unlock Self-Driving Cars?
KFboZkwHjsU	8136.0	What is the Future of Hollywood?
tO7Ze6ewOG8	1045.0	Universally Accessible Intelligence with Character.ai's Noam Shazeer
i2KEc-VBzCc	1249.0	Democratizing Design with Figma's Dylan Field
mhmeekhazGc	1393.0	AI Copilots and the Future of Knowledge Work with Microsoft's Kevin Scott
RirqAH2m1HY	1392.0	Leveling Up with Roblox's David Baszucki
I8TQ8aqqhHY	1473.0	AI Food Fights in the Enterprise with Databricks' Ali Ghodsi
KpWNCQnHg20	1544.0	Where We Go From Here with OpenAI's Mira Murati
79qJLY-30ao	1317.0	Digital Biology with insitro's Daphne Koller
1CpCdolHdeA	1241.0	Improving AI with Anthropic's Dario Amodei
5yC4w4x5DSQ	895.0	The Economic Case for Generative AI with a16z's Martin Casado
g0QaLDVBzz4	1014.0	The Truth Behind Salary Transparency
eoXdyO9oGJc	351.0	Foreign Exchange 101: What Happens When You Send Money Abroad?
7VAfYILRG3I	1117.0	Living Up the Promise of A True Second Brain with Nat Eliason
jzV_7kPPYPE	1264.0	Can AI Truly Unlock Your Second Brain?
-0SDXvM8QGA	900.0	Can You Prove The Big Bang Theory?
MNFeJNUu074	929.0	The True Cost of Compute
IPre5287P3I	1361.0	Chasing Silicon: The Race for GPUs
-s_Ui5j0Guw	924.0	AI Hardware, Explained.
BwLPC-XoDIs	3351.0	Comfort Food, Climate, and the Future of Our Plates
AwOFcxENsVk	6777.0	Oppenheimer & the Catastrophe of Communism
JKfGSvtxkl8	2369.0	Classroom 2050: Unleashing AI, XR, Gaming
A-WcoEe6OkA	2962.0	Growth vs Efficiency: Can You Have Both?
nFaQe75vWb4	612.0	These People Are Engaging Their Doctors 45x a Year
xvc9OQyTI-c	416.0	Millions of Americans Are About to Lose Medicaid
khywg3zFohQ	432.0	Why America Has A Mental Health Crisis
Nwa2JsitZmc	511.0	The Impact of Misaligned Incentives in Healthcare
xVpvnkSsh1c	607.0	Why 50% of Every Dollar Billed Is Lost In Healthcare
B6U7sEUXPh8	468.0	The Mystery Behind Healthcare Costs
T_ZNbLkYInI	3715.0	More Than a Game: Why Are We Obsessed With Sports?
xhc1efNiT2Q	2710.0	Polarizing Talent: Navigating 2023's Landscape
yLFjGqwNQEw	3622.0	Are Autonomous Vehicles Finally Here? Buckle up!
NTvlFko51YE	92.0	The Road to Autonomous Vehicles: Are We There Yet?
03yki_OEtcc	2453.0	Ben Horowitz on Executive Firing (and Hiring)
wYvKb6KlNDc	4214.0	Evolve or Die: The Future of the Creative Process, Artist Authenticity, and the Value of the Music
gxm-iAGn1JA	3873.0	The Electrification of Everything: From Sky to Sea
0wIUK0nsyUg	4436.0	AI Will Save The World with Marc Andreessen and Martin Casado
oZR3Pn8NNLs	2691.0	Embedded AI: The Questions Every CEO is Asking
m5cPeXSL1cI	82.0	a16z Cultural Leadership Fund Presents: Zone of Genius
SdmqZQLwMD8	3982.0	The Rise of the Exponential Organization with Peter Diamandis and Salim Ismail
TZm2bow1ytI	527.0	The Secret to Building AI-Powered Tools
hmOiegiyH7s	426.0	Getting a Competitive Advantage with AI
TKOoEOItvmc	157.0	a16z Cultural Leadership Fund Partner Spotlight
eeIanjPSsQk	3081.0	When Two Giants Intersect: Healthcare Meets Fintech
lqHydbc9tbo	265.0	Is Design Enough to Differentiate? Carl Pei Weighs In
dM_rppmzx60	1559.0	Digital Branding: Lessons from Vogue, Monetizing Social, Creator Tips | Field Notes with Connie Chan
mHG6ZXiEkaA	243.0	Channel Partners and Patients with Karan Singh
KtdQeDE5zeA	163.0	Rev Share and Other Models with Sean Duffy of Omada
O1JnoxAaErM	83.0	Rules of Partnerships with Sean Duffy of Omada
AAYhB7sOqtY	249.0	The Challenge of Deployment with Sean Duffy of Omada
3C-JLOIWRuI	257.0	Dyad Structures and Implementation with Florian Otto of Cedar
1VsuJ_gV3XA	237.0	When Things Go Wrong with Florian Otto of Cedar
tFclMUF3wqQ	2285.0	Future of Resale: AI Styling, Live Video, Social Marketplaces | Field Notes by Connie Chan
SVfNMuM29bU	2448.0	Beyond Avatars: How AI is Reshaping Online Identity (Danny Postma and Sinead Bovell)
Zux1wVirUjs	1850.0	Global Investing in Tech: Pattern Recognition, Founder Traits, Momentum | Field Notes by Connie Chan
ETRxkHQcuBY	346.0	Why VR Experiences Are About to Change
osJp6S66u2U	1106.0	Marketplace Breakout Strategies: Take Rates, Defensibility, Payments | Field Notes by Connie Chan
Is2pm06MNt8	1421.0	Marketplace Tactics: Metrics, Growth vs. Focus, Business Strategy | Field Notes by Connie Chan
WauuF_KmBvY	280.0	Is It Still Worth Learning to Code? Amjad Masad Weighs In
NFz56GabsO8	2372.0	Building Hardware and Taking on the Phone Giants with Carl Pei
D_oNdimCw_0	173.0	Introducing Field Notes by Connie Chan
RNeb-zFTVAI	2833.0	Digital Humans and the Story Behind Lil Miquela
S230jl3HiEM	438.0	The Future of Ecommerce by Connie Chan
tk_EyUrwMAg	2818.0	The Marketplace 100: A Glimpse Into the Future of Commerce
1L5L_LD3xpU	3228.0	The Art and Science of Podcasting with Sriram and Aarthi
PFsbWAC4_rk	2382.0	Unlocking Creativity with Prompt Engineering
AmVdYPTdw2c	2950.0	The Robot Lawyer Resistance with Joshua Browder of DoNotPay
7GlQUjKS4eI	351.0	Palmer Luckey on the Opportunity to Reinvent the Defense Industrial Base
Ku3WblzI-OU	3798.0	The Challenge of Replicating Reality with Steve Zhao from SandboxVR
ji5rdhzT53o	3858.0	The 1000x Developer with Amjad Masad
2cMZjG518eM	3834.0	The State of Apps with Olivia Moore
BgK9KW9APfA	3182.0	Disrupting the World's Largest Asset Class with Adam Neumann
fp8gAbwhPnk	642.0	Intro to American Dynamism
uSaE2KVE5Ig	1177.0	Rebooting the Arsenal of Democracy
idY0SBwkhcQ	1535.0	AI & The Future of Modern Warfare
yvv3OAq1Dzc	534.0	Investing in Child Care Entrepreneurs
Xlhl_GTqDoU	1537.0	The 4th Estate: How Media is Changing in Washington, D.C.
UVzTTeGK8mc	1273.0	Autonomy & Defense Policy in the 21st Century
T24qG99_wVw	628.0	A New Golden Age of Space with John Gedmark
Fl-J00A_sFs	1233.0	Easing the Housing Crisis by Building Better Tools
Ehp29hF2sPM	655.0	Modernizing America's Safety Net Through Public Interest Technology
t8qXjzs17Tc	500.0	The Future of Space & The Defense Industrial Base
o94XBLWwFx4	274.0	How to Make Asynchronous Work Part of Your Your Company Culture
m55YESd1HKU	4324.0	2023 Big Ideas in Technology (Part 2)
2DTWSc0uCz4	5042.0	2023 Big Ideas in Technology (Part 1)
PkGF59bf-Tk	511.0	Flexport Co-CEO Ryan Petersen on ecomm's impact on the supply chain
txHn12rcuXo	291.0	Neal Stephenson explains: What is the metaverse?
omK2nK16qoI	4770.0	Building for Tomorrow with Jason Feifer
c7ScUDYSRYo	3324.0	Expert AI as a Healthcare Superpower
Zbk3992pwCw	439.0	Chris Power on why exploring space is the only option to push humanity forward
HbdKe2ZxeeA	246.0	Balaji Srinivasan on the Cloud Continent
fphiq-WxTWU	465.0	Steve Wozniak on Inventors vs Engineers and the Early Days of Apple
cPuP3Ld_8uw	2719.0	a16z Podcast: Best Clips of 2022
IWw0PutvBGQ	240.0	Karen X Cheng on Spreading an Optimistic View of AI
Ys66HKeE8lg	4800.0	Pay Without Borders with Alex Bouaziz (Deel), Darren Murph (GitLab), and Sondre Rasch (Safetywing)
bbcfGzaBbxU	301.0	Marc Andreessen on Society's Reshuffle Amidst the Rise of Remote Work
iodqidR5Vzw	1104.0	Rearchitecting the Supply Chain with Ryan Petersen
60u9L5-YO9Q	5327.0	Neal Stephenson on the Future of the Metaverse
LVthhttRyso	4771.0	The Factory of the Future with Chris Power
8rWIsc34N9Y	10352.0	The Network State with Balaji Srinivasan
45kg85J3MPs	4331.0	AI and the Creator Economy with Karen X Cheng
ZZbrwxOs0y4	5167.0	Privateer’s Steve Wozniak, Alex Fielding, and Dr. Moriba Jah on the Data Highway Above
0jIqF2_PFFM	5465.0	Why Technology Still Matters with Marc Andreessen
dUwOw0EeSXI	80.0	a16z Cultural Leadership Fund x Supervsn
QOLMnSNU09Q	170.0	The a16z Podcast Returns
mwgamDoI9N0	142.0	a16z Cultural Leadership Fund x Eastside Golf
iVTlsaF5xUE	64.0	a16z Cultural Leadership Summit 2022
gtCzPwqkNgM	2359.0	Two-Sided Networks in Healthcare - a Founder's Playbook
EVb7aSEQY-s	75.0	Introducing: a16z GAMES FUND ONE
CttVtsnN30g	1948.0	Risk-based Contracting for Value-based Care, a Founder's Playbook
jGum0TPJpbw	1937.0	B2C2B in Digital Health, a founder's playbook
EZ9wfc_aKCk	2809.0	Scaling Up Blockchains with Zero-Knowledge Proofs
WrQYZdzA4hg	1505.0	The Open Source Movement in Fintech
A4iCiHgWEkM	782.0	Why DAOs Matter for Digital Art
nsZQ73UOB4w	1355.0	NFT Uses for Today (and Tomorrow)
IUZS_qJ9Isc	1240.0	Social Tokens for Creators Explained
o4x9kSYpRW0	1247.0	NBA Top Shot and the Flow Blockchain
VR9ZiJyr9-Y	1233.0	NFTs and the Creator Economy
sKxxc_cfwR0	1265.0	The Future of NFTs
RHENpEHNB1U	495.0	The New Tech Stack for Virtual-First Care
voC0ewDeltA	344.0	Modern Data Infrastructure: ETL to ELT
jVehCoqJgYQ	1766.0	"Crypto Startup School" Documentary
sP1I6htlXPU	101.0	Crypto Startup School: A Documentary (Trailer)
sntv9QTZ9Us	2067.0	From Unknown Title to Viral Game: 12 Growth Lessons From Spellbreak
1d9o4vv7U-4	923.0	Healthcare: The Great Unlock
xlvdg1Mt7dM	101.0	The Crypto Price-Innovation Cycle
FeLA_el8a4s	1161.0	Healthcare Has Left the Building
93mR9DmMwuM	2710.0	How Gaming is Changing the Media Landscape
ByjjS4OoFpk	954.0	Gamers are Entering a New Era of Monetization
3rxBJAuTUYo	986.0	The 5 Revolutions in Cancer Treatment
F8dIrX3VZyE	1092.0	The Future Will Be Genetically Engineered
AQP0On85ZdQ	1185.0	The Latest in Cyber Attacks
tMvvrMtV9TU	870.0	A Novel Path to Homeownership
jOzqNGjYXw4	2053.0	The Risk, Fear, and Preparation Behind Free Solo
flV82tFjyZY	931.0	Data Security and the Rise of Crypto
Qfa6f3Q3JyM	3023.0	The Career Changing Magic of Strategic Compartmentalization
nj2kcN7e6p0	960.0	Four Trends in Consumer Tech
DjUMfhT0o64	1162.0	Any Company Can Offer Financial Services
rI_L95qnVkM	987.0	Explaining AI
zaxAdRlyZQ8	964.0	Superhuman's Founder on How to Move Beyond Gamification
GAnanqIb9CE	981.0	We Don't All Need to Learn to Code
LJhd1zMD6-w	2661.0	Food, Drugs, and Tech: 100 years of Public Health
CXEMZgvFXEU	2283.0	Imagining Our Future Through Tech
GrMKVy-RLEA	1056.0	Blockchain in War Zones
AFb5gosfKJY	2465.0	What's Next for the Internet?
IIMHfRZru5g	2103.0	Scaling Creativity with Marc Andreessen and Shonda Rimes
UnU5Dikdr2U	2670.0	Why You Should Be Optimistic About the Future
uztjCqIgzsI	778.0	Product Zeitgeist Fit and the Next Big Thing
yEFXgSV9soM	1257.0	AI is Industrializing Discovery
c9SJAPxU5bs	1497.0	How to Build an Open Source Business
R_LMAQQr7zs	1621.0	CRISPR 2.0 and the Future of Gene Therapies
6WqPzI3BIwg	5099.0	Making Culture, Making Influence -- Dapper Dan in Silicon Valley
XAHbgUAIfWQ	1116.0	Decentralized Applications: What's Now, What's Next
ENBQbPbbalg	923.0	Taking Crypto Beyond Volatility: Stablecoins
3NL0ThdvWMU	872.0	Security and Privacy for Crypto with Zero-Knowledge Proofs
5oQ0djZYXNI	1636.0	The Architecture of Crypto Innovation
UZWYGCxE_-w	931.0	Social Networking in 2030: How Could Crypto Change Things?
fK5YUIS86SY	968.0	Growth, Sales, and a New Era of B2B
aYN_9HLG1ZE	1070.0	Software Eats Care Delivery
qFpz044SML8	157.0	Microsoft Exec Steven Sinofsky on the Future of AI | a16z Explains
E2ApbEcaj7U	245.0	How Microsoft Designed Clippy for Users in Different Countries | a16z Explains
r1MhuCLuARw	268.0	How Microsoft Clippy Became a Meme | a16z Explains
a6uQh82ASDQ	3034.0	Founding Stories: Synapse
wkHFAGdW2Ao	149.0	How much should you raise for your startup? | a16z Entrepreneurship Advice
Pbp64nYQd7M	158.0	How to Manage Stress in a Startup with Justin Kan | a16z Entrepreneurship Advice
3yRbnMh6LCQ	243.0	How to Create Company Culture with Justin Kan | a16z Entrepreneurship Advice
CHWGOynuW2k	1811.0	Founding Stories: Anchorage
fH3GuqXagXM	1294.0	The Economics of Term Sheets
3ICI1u3xfz4	1269.0	How to Get the Most from Your Board
VIOhMFw5DXY	1600.0	How to Understand and Choose a Venture Investor
YyYwg-f46PY	1985.0	How to Raise Money from a Venture Investor
OmH6lY_PJQA	2181.0	What's Next for Esports Startups
z3vdcrI7xak	408.0	Why Your Mortgage Is So Complicated: The History and Opportunity of the Modern Mortgage
Q-Cbav_Dt2s	2924.0	10+1 Lessons from Serial Entrepreneur Justin Kan
rJ2Om-2NPvk	1125.0	Everyone is an Analyst: Opportunities in Operational Analytics
1W5ccUV-zKU	3029.0	Seven Trends in Blockchain Computing (Spring 2019)
mPyO41flW3k	2361.0	Founding Stories: Sandbox VR
4T_YP1n7kSE	2890.0	The a16z Pitch Room: Sandbox VR
8bhjNvSSuLM	4494.0	Clippy: The Unauthorized Biography
ZZIheiQ9IoE	3152.0	Towards a Decentralized Storage Network for the Blockchain Computer
13QLbaxWXmA	3220.0	Five Open Problems for the Blockchain Computer
GmR408KQ0Ko	1758.0	The Future of Decision-Making: 3 Startup Opportunities
DAu24JSrtgM	2863.0	a16z Podcast | Incenting Innovation Inside, Loonshots to Moonshots
FcgL8z-p-a8	1730.0	a16z Podcast | How Many Taps in the Apple (Plus) Tree?
H5AQSWeQhr4	3968.0	a16z Podcast | For the Billions of Creatives Out There
3pACRyqGI1w	1878.0	a16z Podcast | Lessons Learned from Chinese Education Startups
lC6BGRhjHB8	2448.0	a16z Podcast | What's in the Water at the George Church Lab?
ludavV3ExRE	435.0	Network Effects: Measure Them, Nurture Them (3 of 3)
3BO050o2XfY	987.0	Network Effects: Categories & Debates (2 of 3)
nD_fz1ly-kA	428.0	Network Effects: So, Is It a Network Effect? (1 of 3)
eoZO2LDFaWk	280.0	Layers of Growth
3KYM6JdW9d8	3004.0	3 Ways Startups Are Coming for Established Fintech Companies -- And What To Do About It
FdIW7BiCBtI	1000.0	Security Markets: The Lay of the Land
B9if4a8PanU	1281.0	What’s with All the Bio M&A in 2019?: A Quick Take
fqnw3arRM48	2915.0	a16z Podcast | Capitalizing on an Autonomous Vehicle Future
j-MiVXaXjLE	2059.0	a16z Podcast | Gaming Goes Mainstream
wmk1-qQm6FE	2872.0	a16z Podcast | Who's Down with CPG, DTC? (And Micro-Brands Too?)
XXtwNgbU1Co	1660.0	a16z Podcast | To All the Robots I've Loved Before
b48ZW2g_TKs	2706.0	a16z Podcast | Cryptonetworks as Emerging Economies (Done Right?)
Lx9sVfNvpXw	2310.0	a16z Podcast | Voting, Security, and Governance in Blockchains and Cryptonetworks
C8eOcqvyypo	3054.0	a16z Podcast | Product-Market SALES Fit (What Comes First?)
wEF4SwZQ-eQ	1643.0	a16z Podcast | Stories and Lessons in Enterprise Sales
yvw56YSUklM	2261.0	a16z Podcast | Finding Go-to-Market Fit in the Enterprise
0qtzPbchrmQ	2154.0	a16z Podcast | Connecting Hearts, Bodies, and Networks to Cure Cancer
b2PEbVsz2jI	2188.0	a16z Podcast | The Business of Cybercrime
jegraFMyf0E	2531.0	a16z Podcast | Pulse Check on Consumer Tech Trends 2019, CES and Beyond
kl2Flp4oK-g	5785.0	Inside the Apple Factory: Software Design in the Age of Steve Jobs
TZCU07dno9U	2900.0	Better Together: Humanity + Machine Learning
glIC16sCakI	1865.0	What's Next for Education Startups in 2019 (Part II)
i8nljUVzOiw	4008.0	Immigration Shifts 2019: Prep & Resources for Startups
NhkO7kPER6c	2143.0	a16z Podcast | All About Synthetic Biology
X6I_QgbunWY	2150.0	a16z Podcast | Dark Data in Healthcare
ZYbOiWBYGd0	3544.0	a16z Podcast | The Science and Business of Innovative Medicines
BXfckLkRFGk	2466.0	a16z Podcast | What’s Next for Marketplace Startups (Hint: Services)
Ylr7A1Gk0Bg	2541.0	What's Next for Education Startups
O91S1NL-B0Q	2305.0	a16z Podcast | Talent, Tech Trends, and Culture -- with Ben, Marc, and Tyler Cowen
U60NimLqDsg	2779.0	a16z Podcast | How the Internet Happened
oLGRslHa5FE	2920.0	a16z Podcast | The Infrastructure of Total Health
Xw2ULINBJIs	3005.0	a16z Podcast | All About Stablecoins
D_2_q6A743Q	1969.0	a16z Podcast | Building Crypto, from Vision to Reality
1sDvXBFfv4g	2672.0	a16z Podcast | On Marrying Entertainment and Technology
Hljtj7f7fSA	2085.0	a16z Podcast | The IQ and EQ of Robots
vXTDOdST_sA	2276.0	a16z Podcast | Ancient Dreams of Technology, Gods & Robots
nbZWKlqEv64	2550.0	a16z Podcast | M&A and Innovation, Inside Out
hccv4E7cytA	1721.0	a16z Podcast | Automation + Work, Human + Machine
BBP9tpioaB8	1567.0	a16z Podcast | Eyeballs on the Game
Fb14f8m5eHI	3305.0	a16z Podcast | From Research to Startup, There and Back Again
R_kfQqBsvpI	2356.0	a16z Podcast | How to Manage a PR Agency
XcsTs6UrIGE	1995.0	a16z Podcast | New Upstarts in an Old Industry
byt-4vLgnAk	3265.0	a16z Podcast | Technological Trends, Capital, and Internet 'Disruption'
QZZsdo8qi2s	2640.0	a16z Podcast | Tesla and the Nature of Disruption
s9APX8nBofs	1699.0	a16z Podcast | What's at the Core of the Latest Apple Announcement?
apfFL-lagh4	2763.0	a16z Podcast | Seeing into the Future -- Making Decisions, Telling Stories
IhXIC0YRtMU	1298.0	a16z Podcast | The Case Study of Dollar General and Surviving (Thriving!) Retail
WGyje8bevOA	1749.0	a16z Podcast | When Organic Growth Goes Enterprise
2TG2MQsPuJQ	2242.0	a16z Podcast | Crypto And The Evolution Of Open Source
RV_A4_hswZg	1961.0	a16z Podcast | The Basics of Growth 2 -- Engagement & Retention
IxzoAwS0paA	1232.0	a16z Podcast | The Basics of Growth 1 -- User Acquisition
p9rrbKPhSBM	961.0	a16z Podcast | Earned Secrets
hFkiD05Ytzs	2255.0	a16z Podcast | Cryptonetworks and Cities -- Analogies
OZCrYZ8u8As	2766.0	a16z Podcast | Cryptonetworks and Decentralization -- Building Blocks
8XA-ElVAjoQ	2047.0	a16z Podcast | High Growth in Companies (and Tech)
Lk3LKtZm0cA	1989.0	a16z Podcast | The Regulatory Landscape for Crypto
cf4_C0NHp7s	1657.0	a16z Podcast | Building Companies in Crypto, from People to Code
ty64sMqXTCo	2478.0	a16z Podcast | Decentralization and Crypto, the Big Picture
C17LxOUiQxA	1899.0	a16z Podcast | The Scientific Revolution of Ancient DNA
dxTuAu9VNNY	1966.0	a16z Podcast | On Mentors and Mentees
4oafwgDbEwc	2524.0	a16z Podcast | Beyond Zero-Sum Thinking in the Game of Tech... and Life
kiHUcM4Vb4k	2353.0	a16z Podcast | All Things Compensation
IoqJZMS-9Eg	2197.0	a16z Podcast | Construction Under Tech -- The Build
kT2gGyXmUl0	1979.0	a16z Podcast | Construction Under Tech -- Info Flows
kHCMQJajEA8	1143.0	a16z Podcast | The End (and Beginning) of Programming
CHGPQEbR8tI	2017.0	a16z Podcast | The Hard Things about Security
gS1qkDdkcIA	1708.0	a16z Podcast | Autonomy in Service
LsndADF0O38	1429.0	a16z Podcast | When Journalism Goes Global
V1fALSzZXlI	1754.0	a16z Podcast | B2B2C
00Y9U8DDXgw	3918.0	a16z Podcast | Network Effects, Origin Stories, and the Evolution of Tech
rVWZt3EkRj8	2764.0	a16z Podcast | The Oral History Of TrialPay — Obstacles and Opportunities in Payments
kGGypYnAtE8	1630.0	a16z Podcast | Shifting Risk Mindsets, From Tech to Bio
mV4iwCvWLFI	2694.0	a16z Podcast | The Case Against Education, From Signaling to Rainbow's End
RjvdTH3Zl7A	2497.0	a16z Podcast | Breaking Into Bio
rygf0IJQM7E	2993.0	a16z Podcast | Principles and Algorithms for Work and Life
_5Cf3F9sKUE	494.0	a16z Podcast | On Recent Consolidation in the Healthcare Industry
Im-oXSzuIgA	420.0	a16z Podcast | Players and Paths for Healthcare Startups
SizdqvaSQ2M	1342.0	a16z Podcast | When (and How) Biology Becomes Engineering
b-0Ksa_tiEA	2132.0	a16z Podcast | What to Know about GDPR
HLku57Ygchw	2672.0	a16z Podcast | Feedback Loops -- Company Culture, Change, and DevOps
8iomU-TKPNA	1344.0	a16z Podcast | From Teaching Leadership to Being a Leader
H8eWH7YjHP8	1409.0	a16z Podcast | Improv'ing Leadership
T4MvEwO15uw	1443.0	a16z Podcast | On Morals and Meaning in Products, Business, and Life
KJ7cvDziilE	1056.0	a16z Podcast | How to Live Longer and Better
HNBDxRhc9PU	1832.0	a16z Podcast | The API Economy -- The Why, What, and How
85cMNswB2Qg	1079.0	a16z Podcast | Containing the Monolith -- From Microservices to DevOps
ZETgoafed4k	865.0	a16z Podcast | Space -- the Near Frontier
ZqVCeozUQlM	1033.0	a16z Podcast | The State of Security
qj4FEIkpHxw	1893.0	a16z Podcast | Creating a Category, from Pricing to Positioning
4R124Xawu3s	1365.0	a16z Podcast | The Self-Flying Camera
QmKrNWJr0Wk	2563.0	a16z Podcast | The Internet of Taste, Streaming Content to Culture
wAw5d-_zrlI	1603.0	a16z Podcast | The Business of Continual Change
vqQcNrWadwU	983.0	a16z Podcast | How Technology Is Changing Investing
zHjTXqFFaj4	976.0	a16z Podcast | Data, Insight, and the Customer Experience
yw0dMhbIVaA	1188.0	a16z Podcast | The Evolution of Payments
JKEkwIkAsBk	1394.0	a16z Podcast | When Is VR's iPhone Moment?
SQ3r27CTiEE	1814.0	a16z Podcast | All about Bike Sharing
dP2ukKKbpaw	1060.0	a16z Podcast | Self-Driving Cars — Where Are We, Really?
QWkgnVRcGLs	1983.0	a16z Podcast | Beyond CES: Connected Home Devices, Voice, and More
S4vaqf55NpQ	2071.0	a16z Podcast | Mental Models for Understanding Crypto Tokens
P8BnYLIElBY	1172.0	a16z Podcast | Reinventing Food
GYjSwE60xv4	904.0	a16z Podcast | Revisiting the Gene
vz4m2R1_qWk	1207.0	a16z Podcast | Community and Culture, Online
SpZOaDBbtc4	1073.0	a16z Podcast | Fintech for the People
9nTk_XDzL98	1338.0	a16z Podcast | Trends in Cryptocurrencies
0-KS4BlfyCc	1977.0	a16z Podcast | The $200 PC in the Enterprise
LR_yVzJhVTU	720.0	a16z Podcast | Of Governors and Mayors, and Tech Policy
v3EGPsbHLNo	1720.0	a16z Podcast | Taking the Pulse on Bio
RIz8dYN9Lg8	1133.0	a16z Podcast | Scaling Healthcare
tIeut8i3M2g	2058.0	a16z Podcast | Market Shifts
N77p9EOzJ2A	583.0	a16z Podcast | On Data and Data Scientists in the Age of AI
nA08SmAJfmQ	2063.0	a16z Podcast | AI, from 'Toy' Problems to Practical Application
rD6pJbeGrCY	1525.0	a16z Podcast | The Rise of the CCO
WKcoTekzwI8	1799.0	a16z Podcast | How Founders Hire a VP of Product
206RiShkvVw	1780.0	a16z Podcast | Putting AI in Medicine, in Practice
t19F_N0Of6g	1671.0	a16z Podcast | The Why Behind the Weird
mG3xo9ud2xY	2408.0	a16z Podcast | Revenge of the Algorithms (Over Data)... Go! No?
mBh23TcuyRk	2047.0	a16z Podcast | Platforming the Future
veVm3bFnxnY	1738.0	a16z Podcast | A New Lab Rises
Z7nvQKp-fTQ	1715.0	a16z Podcast | Mindsets for Engineering Biology
j0qGLAk4yOw	2085.0	a16z Podcast | Why Crypto Tokens Matter
lYsWKSH1mmg	1235.0	a16z Podcast | The Case Study of Lyft and Local Governments
ujwHx1CxC9U	2282.0	a16z Podcast | Exploding the Map
5tLOti01RXI	1274.0	a16z Podcast | Getting Applications Into People's Hands
m_hel41LPEI	2074.0	a16z Podcast | The Asshole Survival Guide
TZAW7BjVEcg	2307.0	a16z Podcast | Adjusting to Trade... and Innovation
1vvnfskT1NU	832.0	a16z Podcast | The Macro and Micro of Parenting
H7BDMLSKk_o	2243.0	a16z Podcast | Competing Against Luck
uP8Rni4GRJQ	1705.0	a16z Podcast | Engineering Intent
svC1J5tg5ME	1340.0	a16z Podcast | A Society Under Construction - Modernizing Infrastructure
guc6AujSLfI	1176.0	a16z Podcast | Cash, Growth, and CEO ❤ CFO
MXB6L89Zhek	1592.0	a16z Podcast | The Taxonomy of Collective Knowledge
PhWzlEmBMz4	1734.0	a16z Podcast | Centers of Power, War, and History
PNtqYrTThJI	1764.0	a16z Podcast | The Strategies and Tactics of Big
l-YhTwsts-E	1361.0	a16z Podcast | Independents on the Board
r9qfzjgPJJ8	1787.0	a16z Podcast | From Mind at Play to Making the Information Age
eV65MWb03sY	1852.0	a16z Podcast | The Curious Case of the OpenTable IPO
hj4FCbklh9M	1814.0	a16z Podcast | Making a (Really) Wild Geo-Engineering Idea Real
Lx37oUES6mU	1601.0	a16z Podcast | Addiction vs Popularity in the Age of Virality
rnIWEeIk0H0	2005.0	a16z Podcast | The Golden Era of Productivity, Retail, and Supply Chains
bVP3q8-e4sE	1515.0	a16z Podcast | The Cloud Atlas to Real Quantum Computing
badnnxDCLbw	2141.0	a16z Podcast | Companies, Networks, Crowds
fMbjhgAdtLE	1022.0	a16z Podcast | Lobbying Tech
HyLD1A5V2wA	1385.0	a16z Podcast | Cybersecurity in the Boardroom vs. the Situation Room
QeZRe2Oj8p4	1160.0	a16z Podcast | Changing the Conversation about Cybersecurity
wkRNmHtEggE	529.0	a16z Podcast | Taking the ‘Cyber’ Out of Cybersecurity
RWXSA4SKHzU	1621.0	a16z Podcast | Taking the Measure of Tech in Policy -- with Kamala Harris
buRILovpteY	1175.0	a16z Podcast | Modernizing Government Services, From Food Stamps to Foster Care
yEATCAMMoog	1937.0	a16z Podcast | The Law (and Tech) of Warfare
7BAoUCktsyE	1971.0	a16z Podcast | The Living Museum
ES2znWIn0WE	1500.0	a16z Podcast | Giving and Getting Feedback -- for Bosses and Employees
8pBmyIbFgPs	2111.0	a16z Podcast | What Technology Wants, Needs, Does
BlbAu2BcugU	1299.0	a16z Podcast | Tech Policy and the Courts
F4MHl1R0yCg	1235.0	a16z Podcast | The Blockchain, in Congress
wGHSkNGZXfk	1950.0	a16z Podcast | For Your Ears Only
jYdhxeqiQm8	2000.0	a16z Podcast | From Jobs to Flying Cars
YH_DzHESjDc	1595.0	a16z Podcast | Quantum Computing, Now and Next
cPln5bQZqug	1211.0	a16z Podcast | Boards, from Both Sides of the Table
tnVtu1OfRPo	1906.0	a16z Podcast | On Wearables, Quantified Self, and Biohacking
yPsKr8K8Jv0	1568.0	a16z Podcast | The Rise of the Digital 'Pill'
CckbrR4JZlo	1696.0	a16z Podcast | QR. AR. VR.
2hZy2XO8aiE	1734.0	a16z Podcast | The Science Of Extending Life
2DErDAZkYd0	2023.0	a16z Podcast | Crisis Communications
xjez5e9MqRA	1751.0	a16z Podcast | Monetizing Open Source (Or, All Enterprise Software)
cFnhjLXqU_A	2370.0	a16z Podcast | The Changing Culture of Open Source
FqVGnFHgVpw	1952.0	a16z Podcast | Cryptocurrencies, App Coins, and Investing in Protocols
LTDIrF3se5s	1197.0	a16z Podcast | Eyes in the Sky
Ux8G7brDIv4	2292.0	a16z Podcast | From Hidden Figure to Sonic BOOM
GAZeHXqabr8	1324.0	a16z Podcast | The Storage Renaissance
huUhd9yUlXw	1273.0	a16z Podcast | The Product Edge in Machine Learning Startups
ZyTHyKrJsdk	1915.0	a16z Podcast | Build Your Personal Brand
7uDLbWv85_g	1039.0	a16z Podcast | The Business of Healthcare
yoZNR83BqZs	852.0	a16z Podcast | The Genetics Of Drug Delivery
a4Vq_8yPeiM	2270.0	a16z Podcast | Technology, Mobility, and the American Dream
jmM0vpjYdQc	1177.0	a16z Podcast | The Future of... You
ekzs1HDTv0U	2731.0	a16z Podcast | Tech and Entertainment in the 'Era of Mass Customization'
dplQEPKSrTU	2653.0	a16z Podcast | Brains, Bodies, Minds ... and Techno-Religions
oILhrcOEG1w	1532.0	a16z Podcast | When Will Genomics Live Up to the Hype?
wAgM3pHOjVc	1927.0	a16z Podcast | Startups, Pivots, Culture, and Timing (Oh Shit!)
i9bgUtpRSVA	1162.0	a16z Podcast | Securing Infrastructure and Enterprise Services
k1PCEhZ1-mc	2156.0	a16z Podcast | Cars and Cities, the Autonomy Edition
BlQelvmT99w	1867.0	a16z Podcast | What Startups Should Know about Analyst Relations
GKeIF_pHXik	2292.0	a16z Podcast | Building Worlds with VR, Art, and Narrative
5ADUrSFaxD8	2529.0	a16z Podcast | The Why, How, and When of PR
VMDGkutDEss	1544.0	a16z Podcast | VR, AR, and Beyond: The New Medium of Human Experience
DXH2HiZtpGI	1681.0	a16z Podcast | From Data Warehouses to Data Lakes
l3yzQWhDHe0	1660.0	a16z Podcast | Welcome to the New Era of Commerce
7ZE2ePa3Vi8	1432.0	a16z Podcast | Of Policy, Capital, and the Startup Ecosystem
tqkAJTQq3iM	2420.0	a16z Podcast | Of Presidents, Policies, and Tech
Ntj0r-Wkbrg	1793.0	a16z Podcast | Culture and/of Design
UEOrnnMfqLo	1766.0	a16z Podcast | Real Estate -- Ownership, Asset, Economy
QUtcJ7sL3ek	1645.0	a16z Podcast | Machine Intelligence, from University to Industry
j13Zd4dRGfc	2949.0	a16z Podcast | New Year, New Horizons -- Pluto!
oywxoMiQhhM	1602.0	a16z Podcast | The Movement of Money
YO5O1c8FUt8	1894.0	a16z Podcast | The Realities of Aging / When Healthcare Is Local
JUV7Hu6pGtE	2059.0	a16z Podcast | Mobility and the Global Refugee Crisis
aT9TSKENpuI	2110.0	a16z Podcast | Produce or Perish! (What We Eat)
yInqYzLVXGY	1327.0	a16z Podcast | The Internet Is Your Movement
SQFfLkQj85Q	1793.0	a16z Podcast | Health Data -- A Feedback Loop for Humanity
x3qh6iyEE8o	2175.0	a16z Podcast | Knowledge Builds Technology and Technology Builds Knowledge -- with Joel Mokyr
8DBHhXUSYUw	1294.0	a16z Podcast | Drones for Delivery in Healthcare
pvSJCTo9ESc	1526.0	a16z Podcast | Old Food, New Tech -- 'Clean Meat'
DBuudh299pQ	1782.0	a16z Podcast | The Business of Creativity -- Pixar CFO, IPO, and Beyond!
ZW73GzS-6t0	2059.0	a16z Podcast | What's Next for Technology and National Security?
cxUz426Os4Q	1613.0	a16z Podcast | Messages and Movements in Politics AND Business
51Ok1CwuykA	2016.0	a16z Podcast | So Where Are We on the 'S-curve' for PC Devices?
dxqAHWTTTPY	1820.0	a16z Podcast | On the Genomics of Disease, From Science to Business
v6E8rXjmVeo	2830.0	a16z Podcast | Stickers! Filters! Memes! Livestreams!
YAVBuRkVhw8	2134.0	a16z Podcast | Truce for Mobile, Battle for VR
-IUqWKDQWEM	1302.0	a16z Podcast | Mastering the Game (with David Oyelowo)
O7r1BXAY_OQ	2024.0	a16z Podcast | Apple and the Case of Invisible But Audible Innovation
_NyvE8GvtdY	1694.0	a16z Podcast | Sleep!
jZfRBt9rysY	1607.0	a16z Podcast | All About Microservices
Hhjb3GyfQkY	1125.0	a16z Podcast | It's Complicated
pbnW1GvS8tA	3029.0	a16z Podcast | Ethereum, App Coins, and Beyond
usy0u1_ovRk	1953.0	a16z Podcast | Pricing Free
WwwV74a3CMU	2215.0	a16z Podcast | Pricing, Pricing, Pricing
COUMcrMfTuY	3603.0	a16z Podcast | The Meaning of Emoji
O5s-RWs0Fa8	3603.0	a16z Podcast | Not all Network Effects Are Created Equal
ea7EQDjmKSs	2120.0	a16z Podcast | We Gotta Talk Pokémon Go
OzSq-Yapsgg	2890.0	a16z Podcast | Getting Network Effects
pX23DYc2YeQ	1424.0	a16z Podcast | On Government as Software Builder, Not Just Buyer
kmp_rsBhC9E	2450.0	a16z Podcast | Software Programs the World
gpUZeZmXbzo	1958.0	a16z Podcast | Beyond One Size Fits All for Startup Employee Options
S2xAXZy6IKk	2263.0	a16z Podcast | When Humanity Meets A.I.
B4OBM2fKCL8	2743.0	a16z Podcast | Fintech Revolution or Evolution?
I976ulfuUIc	1690.0	a16z Podcast | An Economics Take on the Sharing Economy
I09pJ55LiOw	1530.0	a16z Podcast | Apple and the Widgetification of Everything
rniVDLeqswU	1745.0	a16z Podcast | Move Fast But Don't Break Things (When It Comes to Computational Biology)
XcfEbn0jr6M	2483.0	a16z Podcast | Not If, But How -- When Technology is Inevitable (with Kevin Kelly)
B9ZZkZ619QI	2597.0	a16z Podcast | Politics Over Pragmatism -- On China, Trump, and Smart Guns?
xqa4UMm9hpU	3194.0	a16z Podcast | Startups and Pendulum Swings Through Ideas, Time, Fame, and Money
Y75Gig7EgzM	1829.0	a16z Podcast | Trade, Commerce, Manufacturing, Immigration, & Cuba -- with Penny Pritzker
J8JCTSZUL5U	1795.0	a16z Podcast | Managing Uncertainty -- Layoffs and Talent
FTsTbVKskfQ	1600.0	a16z Podcast | Automation, Jobs, & the Future of Work (and Income)
R9HnkOdce_I	2422.0	a16z Podcast | Airspace as the Next Internet-Like Platform
-FeNYiaz4BU	1577.0	a16z Podcast | Innovation vs. Invention at Google I/O
qlQKUhxMcr4	1792.0	a16z Podcast | The Cloud and The Public Sector
TEbj3Lru168	2059.0	a16z Podcast | The Art of the Regulatory Hack
Xu8rnL6M-9Y	2403.0	a16z Podcast | On Productivity, Immigration, Trump, and Media
EMBKbF1TUS0	1891.0	a16z Podcast | On Corporate Venturing & Setting Up 'Innovation Outposts'
v8iFpchkbVg	2373.0	a16z Podcast | Banking on the Blockchain
moT_3YbmyZ0	2230.0	a16z Podcast | E-commerce, Payments, & More in India's Evolving Retail Landscape
LJgMNsFM6cQ	1649.0	a16z Podcast | Finally a Tablet that Replaces Your Laptop
SfwxspJS2zU	1905.0	a16z Podcast | Connectivity and the Internet as Supply Chain
4blITBCm-UA	2871.0	a16z Podcast | Bots and Beyond
Ily92aKqDQM	1510.0	a16z Podcast | Selling to Developers & Open Source Business Models
nhPvGXF_tJo	2385.0	a16z Podcast | The Why, How, and When of Sales
jgN-pj0AS48	1673.0	a16z Podcast | Teams, Trust, and Object Lessons
3D-HmBtWTvg	1567.0	a16z Podcast | Scaling Companies and Culture
EF4A-qxZrbI	1695.0	a16z Podcast | Investing in (Business and Career) Change
YUEsYzyK8-M	3336.0	a16z Podcast | Your Worst Deeds Don’t Define You -- Life and Redemption in Prison
3Kj7JNuZyEg	920.0	a16z Podcast | Truth and Humanity in Leadership
cz61_IdjejM	1845.0	a16z Podcast | I Reject the Term Viral Video
qrZAR0M2hos	1761.0	a16z Podcast | The Dream of AI Is Alive in Go
nPiRIl1cb0k	1908.0	a16z Podcast | Data Network Effects
0yOwJfsMEe8	2007.0	a16z Podcast | Disruption in Business... and Life
7QkCtOT7AeM	1463.0	a16z Podcast | Mobile Falls Hard for Virtual Reality
cQTocd7bYLw	2322.0	a16z Podcast | Mapping the Future of Virtual Reality
hiwGlzUof-4	2227.0	a16z Podcast | Infrastructure... Is Everything
RuotVI_-rWw	1975.0	a16z Podcast | Open vs. Closed, Alpha Cities, and the Industries of the Future
WuVJr3jVyj4	1907.0	a16z Podcast | 'In the Eye of a Tornado': Views on Innovation from China
DqgfxWRE-Zo	2465.0	a16z Podcast | Breaking the Barriers of Human Potential
UVD9vZSVC7M	1549.0	a16z Podcast | Hall of Fame Football Meets Venture Capital
Dt6xi6C9CqY	2138.0	a16z Podcast | Building Affirm, and Why Max Levchin Has Watched Seven Samurai 100-Plus Times
rHYYvxssz3M	1288.0	a16z Podcast | The Future of Money and Monetization
erO9YDL0uI0	2376.0	a16z Podcast | How to Be Original and Make Big Ideas Happen
s-TJ-wBske0	1456.0	a16z Podcast | Reinventing Insurance
oWiHdSNbuTY	1660.0	a16z Podcast | When Banking Works Like My Smartphone
jbl5I7kYWHM	2785.0	a16z Podcast | Things Come Together -- Truths about Tech in Africa
UVDhvd6yRJY	2253.0	a16z Podcast | The Fundamentals of Security and the Story of Tanium’s Growth
Oynon5wefhY	1851.0	a16z Podcast | Software is What Distinguishes the Hardware Winners
z-gzQzIvHKk	1796.0	a16z Podcast | Nobody Discusses Work Software Outside of Work -- and Then There’s Slack
FkQFQhB8bpo	711.0	a16z Podcast | Harnessing the DevOps Movement -- Don’t Go Chasing Waterfalls
M6y-MGv3mBA	1861.0	a16z Podcast | Making the Most of the Data That Matters
dam5VPzjlS8	2573.0	a16z Podcast | What Software Developers (and Therefore Every Company) Need
RhJaZSyDCZ0	1949.0	a16z Podcast | The Future of Software Development
6eKiyUQhLw8	3606.0	a16z Podcast | Mellody Hobson and Ben Horowitz Talk Investing, Career, and Star Wars!
2e0kXhBnWLc	1613.0	a16z Podcast | Andre Iguodala Knows Tech -- And Why the Warriors Won't Be Stopped
2fv85FERnGk	1674.0	a16z Podcast | Writing a New Language of Storytelling with Virtual Reality
Uyei3aEgOtU	1353.0	a16z Podcast | The Year Mobile Began to Truly Dominate Tech
sYz8D_ZbB2I	2863.0	a16z Podcast | The Present State and Future Possibility of Virtual Reality
Iqh9PlutL9Y	2320.0	a16z Podcast | Telepresence and Tech for a Distributed Workforce
FjJpw6POlOk	2734.0	a16z Podcast | The Tiger and the Dragon -- On Tech and Startups in India and China
KoL0DrTdJeE	2074.0	a16z Podcast | Scaling Ideas and Startups in the U.K. and Europe
pfaWgX4lUjM	1377.0	a16z Podcast | Nootropics and the Best Version of Your Brain, Yourself
-RFTOTFw6fc	1992.0	a16z Podcast | Building Tech Startups in a Place Where Tech Isn’t Everything
W7s136rLAAE	2465.0	a16z Podcast | London Calling for Tech Done in a Different Way
K8MkaZgpjSw	1554.0	a16z Podcast | Using Social Tools to Build Homes for Those Most in Need
9wPYnnfSUUY	1180.0	a16z Podcast | The Data Science of Food and Taste
tBZ69bC-kH4	1787.0	a16z Podcast | Data Down on the Farm
VRNxnRZk-Qw	1904.0	a16z Podcast | The Future of Food
30QvbGmIBjA	2660.0	a16z Podcast | On Recent IPOs and Comparing Private vs. Public Valuations
CMzuYIrrLjU	1671.0	a16z Podcast | Defeating Aging with Aubrey de Grey
xJfFc_lwGHI	2499.0	a16z Podcast | Fintech from the World's Financial Capital -- London
d81w4ig0oek	2502.0	a16z Podcast | Artificial Intelligence and the 'Space of Possible Minds'
bdlPfikXSQE	2645.0	a16z Podcast | Quantum Leap
Y6cjtnnbHFw	2715.0	a16z Podcast | Blockchain vs/and Bitcoin
yERg79f9cfY	3056.0	a16z Podcast | Beyond Lean Startups
zTB_BMC1-3k	1545.0	a16z Podcast | A Whirlwind Tour of Policy Issues in Tech
rZ1Ad5pIuLQ	1295.0	a16z Podcast | 'The Most Boring Yet Valuable' 20 Minutes, All About Board Minutes
FYnmIjWHhMk	1350.0	a16z Podcast | Boards and the Power of Networks
zbKB1I4Aksg	1350.0	a16z Podcast | Holy Non Sequiturs, Batman: What Disruption Theory Is ... and Isn't
P-qTn7zRzrA	1334.0	a16z Podcast | What Comes After the Smartphone
fpaQxubjbQE	1725.0	a16z Podcast | Belief -- An Interview with Oprah Winfrey
JKAlkpQvyVI	2149.0	a16z Podcast | Dell + EMC -- Why the Python Just Ate the Cow
K1bOBK2TVdA	2554.0	a16z Podcast | AMPLab, the Power of Open Source, and the Future of Systems Software
s8VlZ0Xl_nE	2770.0	a16z Podcast | The Role of Academia in the Startup World
YjYiUgMyonU	986.0	a16z Podcast | How Big Companies Can Get the Most From Silicon Valley
9TAJNnnGeMA	2116.0	a16z Podcast | Wall Street's Most Hated Man -- A Conversation With Overstock.com's Patrick Byrne
_-cBrBl5Qww	1975.0	a16z Podcast | A Podcast about Podcasts
w4wH54PQBwQ	2324.0	a16z Podcast | Money, Risk, and Software
351sLfwotl0	1496.0	a16z Podcast | Advertising vs. Micropayments in the Age of Ad Blockers
oXkGK5Z5Dig	2142.0	a16z Podcast | Building the Right Technical Advisory Board
FKkeZFWbIaE	1372.0	a16z Podcast | Making the Case for Permissionless Innovation
qrafJK2tSJA	1962.0	a16z Podcast | The Best Way To Be Smart ... Is To Not Be Stupid
iG0HqDTYA7c	1609.0	a16z Podcast | Apple Has Lock on Luxury Smartphones, But Not Business of TV
e4UVaQ7PC-Q	455.0	a16z Podcast | Code and Culture in South Central Los Angeles
AUt3x3UgwR8	2839.0	a16z Podcast | Crypto, Security, CS, Quantum Computing, and More with Our New Professor-in-Residence
WcTrGfK2qGY	1615.0	a16z Podcast | Hard Forks, Hard Choices for Bitcoin
bsDim341_u4	1910.0	a16z Podcast | Compensation Isn’t About Paying the Most, It’s About Being Consistent
exRhyIpHNng	2246.0	a16z Podcast | Connecting People with Digital Work, the Gig Economy, and More
wPe6OfKgMkw	2438.0	a16z Podcast | Talking Humans and Machines with NYT’s John Markoff
KM4CQpTILC8	2622.0	a16z Podcast | Messaging As the Interface to Everything
vN4LWe2c1rU	1628.0	a16z Podcast | When Software Eats Cars
GE9WwtoTrWE	2930.0	a16z Podcast | Tech's Biggest Ideas and How They Take Hold -- With Marc Andreessen and Dan Siroker
sDfGtiNeysU	1392.0	a16z Podcast | The Internet is His Religion
Ne2INgCJQF8	1257.0	a16z Podcast | Establishing Online Identity is Hard -- It Shouldn't Be
FRkYUPNFqZw	2794.0	a16z Podcast | Straight Outta Compton, The Interview (including Ice Cube and Ben Horowitz)
KyrtJ8WACko	1201.0	a16z Podcast | Getting That First Board Seat
WctVrZEBnac	1407.0	a16z Podcast | Is It Possible to Achieve Equitable Equity for Startup Employees?
kYWzoOTl97o	2063.0	a16z Podcast | Bitcoin, Greece, and What’s Next for Cryptocurrency
2aY5gLlVuCY	1334.0	a16z Podcast | A Copernican Update ... In Tech, the Smartphone is the Center
K_P0rzd5ZXc	2072.0	a16z Podcast | How Innovation Ecosystems Grow Around the Globe
paMN5LMEbQQ	418.0	a16z Podcast | These Girls Code
w7z-J5y3NX4	1357.0	a16z Podcast | Why Every Business is in the Data Business
4MAGwxhkSwc	2513.0	a16z Podcast | When Bio Meets Computer Science
RZtFT5S5vFw	1597.0	a16z Podcast | Big Data Goes Really Big
JMt5fBlhgnA	1026.0	a16z Podcast | Innovation and Regulation -- What Happens When Policy Lags Behind Technology?
LioKY_oR3aA	2047.0	a16z Podcast | It's Not What You Say, It's How You Say It -- When Language Meets Big Data
lv3TGfzyUeI	1250.0	a16z Podcast | Bitcoin's Growing Pains -- and Possibilities
UFGD2rzZ6WM	1035.0	a16z Podcast | The Changing Relationship Between Tech and Government
KWyE82CR_4A	1453.0	a16z Podcast | Latinos and the Tech Economy -- U.S. Reps. Sanchez and Gallego Talk Bridging the Gaps
EK2XXpyczMQ	2532.0	a16z Podcast | Is Entrepreneurship a Universal Language?
ftzFCraoEXo	1197.0	a16z Podcast | Layering Tech and Culture in Iran
Lndgpqy35y0	1144.0	a16z Podcast | A Conversation With the Inventor of Spark
-6sX-MIwJ-o	1499.0	a16z Podcast | Investing in Communities
nh9MAc40ljc	1781.0	a16z Podcast | The Rise of the Quasi-IPO
Hab_uzg6sck	1330.0	a16z Podcast | Location, Location, Location -- and Mobile
IeDirae6h1E	1341.0	a16z Podcast | Dealing with Corporate Dealmakers -- When to Talk to Corp Dev
xZf_JJX8PGk	1579.0	a16z Podcast | Apple Gets Its Music Streaming and Gives News Another Try
-rWLYpvomCY	1326.0	a16z Podcast | Apple Watch -- Looking for New Things Done in New Ways
jWhc-SFmrqA	1284.0	a16z Podcast | The Cool Stuff Only Happens at Scale
tjj4ejADvRo	1798.0	a16z Podcast | Tech Trends Changing Gaming
CQCyAPkNkg4	1739.0	a16z Podcast | For Google, Android is a Tactic and Cloud is a Strategy
0sK-HWzBuCU	1170.0	a16z Podcast | The Future of Entertainment and What David Petraeus and the Olsen Twins Can Teach Us
jGX62JGdabo	1734.0	a16z Podcast | Finding and Hiring for (Expectations) Fit on Both Sides
_18wnGKn_C8	1220.0	a16z Podcast | Hiring is Hard -- Here’s How to Do it Right
KEF_nQ-Lirw	1281.0	a16z Podcast | Which Bitcoin Players Matter?
XXJpk14PQkA	1570.0	a16z Podcast | Why SaaS Revenue is Worth More Than Traditional Software Sales
cfYqjbmNrz4	2141.0	a16z Podcast | Good Bubbles, Bad Bubbles -- and Where Unicorns Come from
sUxHsL7G6zs	753.0	a16z Podcast | Verizon Plus AOL -- Why? -- The Short Answer is Mobile
xesaUK2Mfzk	1830.0	a16z Podcast | Making Security More Useable
6f7urZ4TtRc	1519.0	a16z Podcast | Barbarians at the Gate -- How to Think About Enterprise Security Today
j-nsOXKhyT8	1684.0	a16z Podcast | Getting Security Right Isn’t as Hard as You Think (But the Effort Never Ends)
4BcIINmbSZs	1625.0	a16z Podcast | Making Sense of Big Data, Machine Learning, and Deep Learning
gTbI--0Y_Jw	2106.0	a16z Podcast | Software and Overcoming the Randomness of Birthplace
p7aA4eknz7U	1344.0	a16z Podcast | The Five Stages of Bitcoin -- Disdain, Dismissal, Curiosity, Oh F**k!, and Acceptance
eYzb-s4ToKs	907.0	a16z Podcast | Government, Startups, & Innovation -- with U.S. Secretary of Defense Ash Carter
AfF4suZWYVM	1054.0	a16z Podcast | How One Startup Went from Being Banned by Regulators to Being Open for Business
fY70uc7cGJ8	1739.0	a16z Podcast | How Hacks Happen (Let’s Just Say Mistakes Have Been Made)
ZFd3Fp2Z_14	1268.0	a16z Podcast | Tackling Senior Care with Help from Technology
AzLaF2kPY4Y	1513.0	a16z Podcast | Messaging is the Medium
aTSFMTWQzKU	2884.0	a16z Podcast | How to Lead, Not Manage Your Board
y4TLqzpkgmY	2032.0	a16z Podcast | Security's Painful Prominence and Why There is No Turning Back
pvH5eilmfwY	1757.0	a16z Podcast | Public or Private? Finding the Right Board Seat
Gkh18iPak3M	3028.0	a16z Podcast | The Truth about Serving on Boards (with Diane Greene and Marc Andreessen)
TdMrDcSPbUw	1911.0	a16z Podcast | Building a Better Board
9ScOgdKb1wA	892.0	a16z Podcast | What the Apple Watch Is -- and Isn't
iJQ5P1_bGLE	1390.0	a16z Podcast | Embracing Sales
YckHDV9FFCo	1733.0	a16z Podcast | Getting Sales Right
LLQRSIGB98c	1607.0	a16z Podcast | The Marketplace Rules
njTZhneHoCQ	2270.0	a16z Podcast | Tools for How We Work Today
_7OCwQ-oi7E	1334.0	a16z Podcast | Searching for Mobile's Third OS
V85H2TbSOfI	1623.0	a16z Podcast | Crisis Time -- What to Do When Things Go Sideways
bBtjiFH75U0	1683.0	a16z Podcast | Mobile is Eating the World (and Apple is Gobbling Fastest)
s4Op-VLb15c	1839.0	a16z Podcast | Virtual Reality v Augmented Reality, and What's Next
2NX3psdWDzg	1479.0	a16z Podcast | Coding as Literacy
d8SgN4Nee00	1108.0	a16z Podcast | The Technology is Ready, So Where is the Internet of Things?
vhI-b-13VrY	1276.0	a16z Podcast | Dumb Storage Gets Smart
mpFp7AH6arE	1843.0	a16z Podcast | Why the Datacenter Needs an Operating System
UAdOnA2gEIg	2142.0	a16z Podcast | Enough with the Old Stuff -- Time for New Questions in Mobile
Me0GUI1PT34	898.0	a16z Podcast | Gateway Gadgets to the Internet of Things
57Sa-BFSy5w	2005.0	a16z Podcast | Technology and the Opening of Myanmar
-DjDWNVvPak	2138.0	a16z Podcast | If Coding is the New Literacy, How Can More People Code?
hYFeaABHPJs	2054.0	a16z Podcast | Where the Growth in Cloud and Enterprise Software Really Is (with Marc Benioff)
VkBnrqoTMGg	1762.0	a16z Podcast | Security’s Wakeup Call
Y9SytD0Kcn8	1941.0	a16z Podcast | Guiding Startup Culture -- The Genius ISMs
bsdjLaDvEu0	1350.0	a16z Podcast | Ecommerce and the Holiday Shopping Collision
Do53igvc9JI	3457.0	a16z Podcast | Where's My Stuff? -- The Lowdown on Logistics and Ops
TMMlLsrhxb4	1628.0	a16z Podcast | The Next Phase of 3D Printing
xEe2P4hjnRM	2291.0	a16z Podcast | The End of Ownership
rhgHQcpg-hU	3435.0	a16z Podcast | Sports, Tech, and What We Can All Learn from the Latest Performance Science
9MiIFew18NY	1522.0	a16z Podcast | When Fantasy Football and Crowdfunding Collide
Ff6P7oc0coI	2629.0	a16z Podcast | What Makes the Valley Work
MLg9kyM82H8	1302.0	a16z Podcast | Selling Tech to Everyone -- Changes Everything
r1iSZpiGxzg	1735.0	a16z Podcast | Beyond Bitcoin -- The Blockchain
qhY5IlvxbE0	2761.0	a16z Podcast | The (Definite) Optimism of Peter Thiel
NLA4EwRqrMg	1395.0	a16z Podcast | Startups as Science Experiments -- Can VC Disrupt Academia?
_5Ce18g1OIU	1566.0	a16z Podcast | For Buzzfeed Sharing is the Metric that Matters
KkKt3prMdco	2142.0	a16z Podcast | Reinventing Media
Xnzn1q5RPJY	1225.0	a16z Podcast | Trigger, Action, Reward, Investment -- Four Steps for Habit-Forming Products
OVrF65dBYlU	1130.0	a16z Podcast | Secrets, Power Laws, and Technology – The Ideas of “Zero to One”
Sa3nU6nUbEA	1996.0	a16z Podcast | Apple Takes on Payments and Your Wrist
s960gV3b9PQ	1531.0	a16z Podcast | Raising Money and Valuing Startups -- What Happens When Things Don't Go As Planned?
fFbtZg9eQVw	1057.0	a16z Podcast | Everything You Need to Know About Amazon
hWbPFH6u65E	1644.0	a16z Podcast | Building Brands and Running Retail -- Ron Johnson and Tristan Walker Break It Down
-QEnarWsgco	772.0	a16z Podcast | Three Kids, One App, One Love -- The Five-O Story
fEvz82sNzW8	1008.0	a16z Podcast | Ben and Marc Explain (Practically) Everything – Part 2
w54v-B2Sk1w	1658.0	a16z Podcast | Ben and Marc Explain (Practically) Everything – Part 1
XWJ-xKT94t8	1160.0	a16z Podcast | The Topic That's Lasted the Entire History of Computing -- Bundling and Unbundling
0pkZJaawMvI	1350.0	a16z Podcast | The Consumerization of IT
ROOs427ebS0	1523.0	a16z Podcast | Mobile Invades the Data Center
y93sPJ0XYKQ	1387.0	a16z Podcast | An Open Source Business Model That Works
kmEaAHhYsCo	846.0	a16z Podcast | The Wearables Session
nGPuMz2xwJ8	1454.0	a16z Podcast | Building Marketplaces with the Power of Community
XwKc_ZjN2CA	1059.0	a16z Podcast | The Micro and Macro of Mobile
aVmW5A0lmgY	1201.0	a16z Podcast | Government Transparency Powered by Software
WnaTTIfjoyI	1467.0	a16z Podcast | Protecting Your Company from Itself: Why You Need HR
CxH3aQnVj24	1115.0	a16z Podcast | When Large Scale Gets Really Massive -- Managing Today’s Enterprise Networks
PP2KTr1PSZA	1992.0	a16z Podcast | Google I/O -- A Three-Hour Tour (in 30 minutes)
NcFa5Vd_Arc	1540.0	a16z Podcast | Datacenter of the Future
GhYzjhb5tmk	778.0	a16z Podcast | People Marketplaces Take On One of the Last Great E-Commerce Opportunities: Groceries
gWqasvvV2Eo	1039.0	a16z Podcast | Mapping the Information Economy -- Where’s the Cloud Going Next?
XDFItji0lEQ	992.0	a16z Podcast | The Promise (and Nightmare) of Cross-Platform Software
rlQq2mBrv4Y	1392.0	a16z Podcast | The Apple WWDC 2014 Deep Dive
LMbOnIlHUr8	579.0	a16z Podcast | You Just Thought You Were Building a Software Company. It's a Community.
R83E8qaIbNo	1259.0	a16z Podcast | Bending Every Pixel to Your Will -- Optimizely and the Next Wave of Internet Tools
ftbNWFy1WtI	912.0	a16z Podcast | The Two Big Problems With Thomas Piketty’s “Capital in the Twenty-First Century”
TQYtif-honA	1519.0	a16z Podcast | Valuing Today's Fast-Growing Software Companies
nv2QIzSul6w	2221.0	a16z Podcast | Demystifying Venture Capital
j7HdJWbGAF4	1013.0	a16z Podcast | When Your PC Expires, What's Next?
TgxylgrLUc4	1167.0	a16z Podcast | The Future Of Television
F-9cwiun9Jw	1438.0	a16z Podcast | Engineering a Revolution at Work
M5iINPy2X-0	1066.0	a16z Podcast | China and Tech
pRGG4drq_Z8	775.0	a16z Podcast | Oculus and the (Mind-Blowing) Reality of Virtual Reality
okMzNh34eBY	1119.0	a16z Podcast | The Rise of Full Stack Startups
RMH60Fs_B4w	730.0	a16z Podcast | Searching for Mobile’s Own PageRank
HkFVSApbP-c	894.0	a16z Podcast | Where is the Technology That "Matters?" Right Here
ZAlx33jFKbA	924.0	a16z Podcast | The State of the Bitcoin Ecosystem, and a Theory on Satoshi
UvPlLT5VsDs	1643.0	a16z Podcast | Apple and Google Won the Mobile OS War, But a New War Has Already Begun
A8RhiW5OD-g	760.0	Nature as Technology
leI70P-rEAk	679.0	Extending Human Lifespan
KjhXFLA_OlQ	993.0	Programming Medicine
zl14Ty5-0Ko	2431.0	What's Next for Marketplace Startups
TPjr2uo3WKA	2417.0	Company Building in Crypto: A Conversation between Brian Armstrong and Chris Dixon
G0rZcpfF5dU	1704.0	Crypto, the Future of Trust
LEu_sRbfNns	864.0	Beyond Cryptocurrencies
19oYvXhQbWc	1598.0	Crypto, Beyond Silk Road
_QQq9-qOuo8	1349.0	What's Next in Consumer Startups?
U9dzd_pv-Hw	1006.0	The Case Study of BuzzFeed Tasty and the Evolution of Brand
78pLIj4xeVs	1536.0	When Advertising Isn't Enough
Y34JChoVrzE	1497.0	Managing Risk and Uncertainty: The Future of Insurance
IRPH3K1GXj0	1619.0	When Software Eats the Real (Estate) World
RF5VIwDYIJk	1429.0	The End of the Beginning
gOXYbmKRTsQ	2345.0	Debating Crypto: Katie Haun vs. Paul Krugman
Y_IYGeZLLhI	1540.0	A Skeptic's View of Crypto (from the Point of View of Monetary Economics)
JDD9TsgUNPY	2175.0	3 Common Myths People Have About Crypto
TYVoPdCI8DA	1397.0	Distribution, Channel & Partnerships
rbGf67v5o7s	1632.0	Product Marketing for New Products
21-q1JILYK0	1715.0	Going to Market When No Market Exists
5vhqKNhnkfA	84.0	Takeaways for Technical Founders: How to Think about Sales
dTe6xi60r6s	138.0	Predicting Your Pipeline
Pykl6LswyUs	173.0	Sales Force Productivity: How Do You Know?
1NO7CzPugVs	110.0	Simplifying Sales Compensation
tppma_89xYU	258.0	How to Compensate Sales Reps
QV0UdOrqrt4	225.0	Managing a Sales Org: Revenue Composition
f3m6AgokArk	213.0	Managing a Sales Org: Forecasting
-_WyIeync8E	152.0	Mapping Go-to-Market to Customers: 'The Coverage Matrix'
dAXh5-oR-e4	126.0	A Short Coda on (Sales) Quotas
Iasx35CjokE	251.0	Setting the Sales Number
gUshO-xLvow	393.0	Building a Sales Org: Who, When, How
MZWFYgyxc8k	209.0	Why Build a Sales Organization?
Ohjmf3eLNpk	91.0	Segmenting Markets for Go-to-Market
509zS9TZJuY	252.0	Engaging Sales: How Much to Spend on Marketing vs. Sales?
Hc0x5yEHI1Q	210.0	Understanding and Defining Sales Channels
jmJgb4GqIXw	66.0	All Things Sales! 16 Mini-Lessons for Startup Founders
xgNxZN8U7nI	2179.0	Crypto and the Evolution of Open Source
LjmwjAxtmmY	1493.0	Winning Founders & Influencing Everyone: Margit Wennmachers at Startup Grind Europe
pijR8vrQphk	2794.0	10 Years Too Early: On a Tech Career, Business, and Investing
VcuEm53f5GM	2238.0	Cryptonetworks and Cities: Analogies
hD0kSV3lYdc	2733.0	Crypto and Decentralization: Building Blocks
W51HhL9OjWM	2427.0	An Intro to Crypto: Decentralization, the Big Picture
jIKNCD3wDgI	1624.0	An Intro to Crypto: Building Companies, from People to Code
ns9_OGz4SeE	1020.0	Finance as Strategy: When and How Startups Should Build a Finance Function
oy97TfvnMuo	1347.0	In Conversation: Netflix' Ted Sarandos and Marc Andreessen
iu5hTMlTU-U	741.0	Online to Offline 2.0: Experiments and Examples from China
2dgdGWyJoK4	1283.0	An Intro to Crypto: Building Blocks
3UXxpoYLACA	2732.0	The Oral History of TrialPay -- Obstacles and Opportunities in Payments
FC2LDZHFopE	1597.0	Shifting Risk Mindsets, from Tech to Bio
wF8gVBl3Ots	235.0	Eroom's Law
a9vlsFkyA6U	463.0	Consolidation in Healthcare: What to Make of It?
p8L7sUdeWgU	393.0	Pande & Conde on: Players and Paths for Healthcare Startups
waY2Fn1lV2s	1319.0	Pande & Conde: When (and How) Biology Becomes Engineering
xd5EoVc3I_Y	1075.0	The World Through an API
I8kuCkY55XU	1057.0	Beyond a Zero-Sum Game: Tech Innovation and China
cnvvQtXlTng	375.0	Ben Horowitz on Product Distribution and Sales Channels
YSdspVJgSFE	277.0	The Autonomy Ecosystem: But When? (8 of 8)
0hGFsxXhCRM	338.0	The Autonomy Ecosystem: Shopping (7 of 8)
2l65yydd9p0	349.0	The Autonomy Ecosystem: Justice Systems (6 of 8)
Q-Fqe0TNjfY	425.0	The Autonomy Ecosystem: Finance (5 of 8)
TMzrAxgExzg	688.0	The Autonomy Ecosystem: Energy (4 of 8)
p36jj2xkuRM	702.0	The Autonomy Ecosystem: The Value Chain (3 of 8)
dmTsvwy3Me4	491.0	The Autonomy Ecosystem: Public Infrastructure (2 of 8)
of5j-Lztqrg	863.0	The Autonomy Ecosystem: Where and How It Begins (1 of 8)
yYgv4XIlpNc	1253.0	The Next 3 Billion in Financial Services
b-RS5vpS_0s	725.0	Rise of the Super App: Mobile-First Product Ideas from China
ylglAy99rxM	1427.0	When Biology Moves to Engineering
Np3QGECvl9A	1335.0	Challenges in Healthcare Innovation
yiRCdMgkkFY	1253.0	Decrypting Crypto: From Bitcoin and Blockchain to ICOs
od7quAx9nMw	1823.0	AI: What's Working, What's Not
cVYDkPidXrU	1455.0	10 Year Futures (vs. What's Happening Now)
uNZlk3F_N7E	364.0	What Is an API and Why Does It Matter?
nuC-UGxmAks	1722.0	The Future of Money: Banking on Fintech
Rm1v7ll2iMk	238.0	S-curves in Innovation
vR-uvPPdI_M	333.0	A Brief History of Credit Cards (or What Happens When You Swipe)
knazJ9_mRzE	262.0	When Machine Learning Becomes AI
dp2gbWsPFgY	236.0	Why the Next Big Thing in Tech Will Look Like a Toy
jmqZgDb-8UA	513.0	Navigating Uncertainty: Advice for Graduates (and Others Changing Course)
it0uuoFcJwA	3609.0	On Career Moves and Business Leadership
vbv1-we7A_U	1491.0	Matthew Turk
NVAg1zD2rUE	1248.0	Derek Belch
Eq6G2sM7SK8	1204.0	Dan Boneh
4tk8eib8Rlc	1037.0	Giovanni Vigna
pBtQNycHEv8	939.0	Raluca Ada Popa
m17Z9eyASfs	1095.0	Kevin Fu
XsWdzWjv5QY	1239.0	Jason Mars
k3loFAvXsrs	1386.0	Mark Ring
jw0yktKGNJc	1018.0	Kathryn McKinley
FlBk8yiIbL4	1327.0	Michael Jordan
jvMfXeEZ6Ks	1026.0	Yubin Park
8pLZkbN9h_s	2780.0	The Promise of AI
gK9owf0PSZU	1554.0	What Happens When Mobile (Really) Hits the Wallet
RWFhlFS4Kr0	1753.0	Culture and Revolution
t8JgMyMLjNo	1470.0	A Whirlwind Tour Through Tech Trends in China
ulPKaIfG77o	1210.0	Software Secures the World
6T3QPkUY77E	1203.0	How 'Going Direct' Changes Everything: for Brands, Retail, Marketing, and Advertising
F5oUWDR2sRs	1791.0	16 Questions About Self Driving Cars
gU_-g00lhm0	3323.0	Go to Market Boot Camp for Startups: Field Sales
4QTAtFaIiyc	1504.0	The End of Cloud Computing
3d7zZz_niTc	1903.0	Mobile Is Eating the World, 2016
UfHerP2b9zU	791.0	On Machine Learning in Medicine and More
ht6fLrar91U	2814.0	AI, Deep Learning, and Machine Learning: A Primer
YZTry5r6NAw	1719.0	Quantum Computing: A Primer
1MAmSACkidg	1379.0	Trends in and the Future of Infrastructure
n57UaE08h7A	1264.0	Marketplaces
dPzQaNbP-s0	952.0	Chandra Krintz
usjMD-IDLVo	1229.0	DJ Kleinbaum
B4VFErkx0m4	1294.0	Chris Re
8U2apw4QW18	3209.0	Marc Andreessen and Chris Dixon
hWm-qpo_Ukg	1583.0	Mobile Is Eating the World, 2015
uaSqh4DiQSw	1019.0	Don't Follow Your Passion
6hQqpQ3IZlY	867.0	Supernovas and Novel Insight: Where Machine Learning is Headed Next
IjUUNH32qG4	815.0	Mobile Is Eating the World, 2014
p3v9IcFzGdI	1706.0	The Bitcoin Network Effect
0mNihNCHeHs	191.0	We Need Better Interfaces for Programming the Internet of Things
PYnMiHIdTdw	288.0	Intellectual Property in the Open
Qw3zdKJJQdQ	258.0	Advice for Startups Straddling the Tech and Policy Worlds
2_4ecWDohnk	752.0	The Future of Software Development
