jGqOTd8gRnY	2649.0	眼下还是机会！鲨鱼工作室视频，技术面分析美股走势，预判未来美股走势。 盘中数据模型分析，给短期交易投资指明方向。
D4E2zcAqdPE	2772.0	牛市的味道。鲨鱼工作室视频，技术面分析美股走势，预判未来美股走势。 盘中数据模型分析，给短期交易投资指明方向。
MjF2O363BG8	2629.0	一个重要的变量。鲨鱼工作室视频，技术面分析美股走势，预判未来美股走势。 盘中数据模型分析，给短期交易投资指明方向。
Y7Vmt2OGG7I	2537.0	多头上涨预期的力量。鲨鱼工作室视频，技术面分析美股走势，预判未来美股走势。 盘中数据模型分析，给短期交易投资指明方向。
ilY1FvQSU2g	2569.0	别了炮哥，来了牛市！鲨鱼工作室视频，技术面分析美股走势，预判未来美股走势。 盘中数据模型分析，给短期交易投资指明方向。
HA7QvtUWGyI	2971.0	多头行情！鲨鱼工作室视频，技术面分析美股走势，预判未来美股走势。 盘中数据模型分析，给短期交易投资指明方向。
1WrYTnPEEG4	2815.0	赌出来的新高。鲨鱼工作室视频，技术面分析美股走势，预判未来美股走势。 盘中数据模型分析，给短期交易投资指明方向。
evGi7X9vIGQ	2680.0	市场进入强波动区间。鲨鱼工作室视频，技术面分析美股走势，预判未来美股走势。 盘中数据模型分析，给短期交易投资指明方向。
Cy23LtRv7oQ	2484.0	一个重要的低点。鲨鱼工作室视频，技术面分析美股走势，预判未来美股走势。 盘中数据模型分析，给短期交易投资指明方向。
6GSfxNxyK9w	2695.0	组合拳和支撑位！鲨鱼工作室视频，技术面分析美股走势，预判未来美股走势。 盘中数据模型分析，给短期交易投资指明方向。
vYnY5ORRHb8	2506.0	市场的逻辑 。鲨鱼工作室视频，技术面分析美股走势，预判未来美股走势。 盘中数据模型分析，给短期交易投资指明方向。
q-VVpdcj4qI	2486.0	又到凶多吉少时。鲨鱼工作室视频，技术面分析美股走势，预判未来美股走势。 盘中数据模型分析，给短期交易投资指明方向。
DTwhH-9pbFY	2833.0	想想就乐乐。鲨鱼工作室视频，技术面分析美股走势，预判未来美股走势。 盘中数据模型分析，给短期交易投资指明方向。
xSDURSh_ckU	2364.0	下周多头还有机会.鲨鱼工作室视频，技术面分析美股走势，预判未来美股走势。 盘中数据模型分析，给短期交易投资指明方向。
q8XH0QmYRFM	2585.0	多头迎难而上？鲨鱼工作室视频，技术面分析美股走势，预判未来美股走势。 盘中数据模型分析，给短期交易投资指明方向。
WTUsApQU1Dg	2746.0	稳预期。鲨鱼工作室视频，技术面分析美股走势，预判未来美股走势。 盘中数据模型分析，给短期交易投资指明方向。
etctq0csrKk	3043.0	超跌反弹。鲨鱼工作室视频，技术面分析美股走势，预判未来美股走势。 盘中数据模型分析，给短期交易投资指明方向。
lWAdRsGv1Ug	2929.0	多空有争夺。鲨鱼工作室视频，技术面分析美股走势，预判未来美股走势。 盘中数据模型分析，给短期交易投资指明方向。
CpFKkkZhaEM	2875.0	非市场交易环境。鲨鱼工作室视频，技术面分析美股走势，预判未来美股走势。 盘中数据模型分析，给短期交易投资指明方向。
Ik1Cb7X_7Cg	2736.0	技术面修复随时发生.鲨鱼工作室视频，技术面分析美股走势，预判未来美股走势。 盘中数据模型分析，给短期交易投资指明方向。
tvQQ2yTQvB0	2658.0	突破当买点。鲨鱼工作室视频，技术面分析美股走势，预判未来美股走势。 盘中数据模型分析，给短期交易投资指明方向。
s-UExHcADMw	2172.0	开门红会持续。鲨鱼工作室视频，技术面分析美股走势，预判未来美股走势。 盘中数据模型分析，给短期交易投资指明方向。
CfBBOt4HC-c	2547.0	震荡难改。鲨鱼工作室视频，技术面分析美股走势，预判未来美股走势。 盘中数据模型分析，给短期交易投资指明方向。
TztMTTLhyU8	2457.0	圣诞小礼物。鲨鱼工作室视频，技术面分析美股走势，预判未来美股走势。 盘中数据模型分析，给短期交易投资指明方向。
wP6zMhcSAKQ	2715.0	市场下周关键点位。鲨鱼工作室视频，技术面分析美股走势，预判未来美股走势。 盘中数据模型分析，给短期交易投资指明方向。
2zmw1ElfXlA	2607.0	市场上涨等于行情展开。鲨鱼工作室视频，技术面分析美股走势，预判未来美股走势。 盘中数据模型分析，给短期交易投资指明方向。
C6qiNYC__u0	2380.0	多头行情有基础。鲨鱼工作室视频，技术面分析美股走势，预判未来美股走势。 盘中数据模型分析，给短期交易投资指明方向。
YdbN4FV_2bo	2842.0	情绪加技术等于反弹。鲨鱼工作室视频，技术面分析美股走势，预判未来美股走势。 盘中数据模型分析，给短期交易投资指明方向。
e1QDUOEMIKM	2714.0	多头重回弱势。鲨鱼工作室视频，技术面分析美股走势，预判未来美股走势。 盘中数据模型分析，给短期交易投资指明方向。
32SF5Q25avY	2968.0	破位反弹。鲨鱼工作室视频，技术面分析美股走势，预判未来美股走势。 盘中数据模型分析，给短期交易投资指明方向。
NpRbyDBKazM	2580.0	多头还将发力。鲨鱼工作室视频，技术面分析美股走势，预判未来美股走势。 盘中数据模型分析，给短期交易投资指明方向。
uLfSVQYFhKQ	2832.0	两个重点都以发生。鲨鱼工作室视频，技术面分析美股走势，预判未来美股走势。 盘中数据模型分析，给短期交易投资指明方向。
fJ3KPbtcXuw	2655.0	下周确定多头窗口。鲨鱼工作室视频，技术面分析美股走势，预判未来美股走势。 盘中数据模型分析，给短期交易投资指明方向。
XcgBn_5xeaw	2331.0	杀跌。鲨鱼工作室视频，技术面分析美股走势，预判未来美股走势。 盘中数据模型分析，给短期交易投资指明方向。
aDZn-QZM1D4	2361.0	最后的十月份。鲨鱼工作室视频，技术面分析美股走势，预判未来美股走势。 盘中数据模型分析，给短期交易投资指明方向。
YFV0gPpuL4A	2651.0	市场后期最好的走势结构。鲨鱼工作室视频，技术面分析美股走势，预判未来美股走势。 盘中数据模型分析，给短期交易投资指明方向。
sXvqIEK-SDw	3052.0	傻子赚钱的行情有吗？鲨鱼工作室视频，技术面分析美股走势，预判未来美股走势。 盘中数据模型分析，给短期交易投资指明方向。
Qa3QP62t0-w	2810.0	上涨比下跌好。鲨鱼工作室视频，技术面分析美股走势，预判未来美股走势。 盘中数据模型分析，给短期交易投资指明方向。
2Ni1ddIUAV4	2478.0	市场短期有个好迹象。鲨鱼工作室视频，技术面分析美股走势，预判未来美股走势。 盘中数据模型分析，给短期交易投资指明方向。
X5e3OCugRtM	2930.0	市场弱化中。鲨鱼工作室视频，技术面分析美股走势，预判未来美股走势。 盘中数据模型分析，给短期交易投资指明方向。
6nvEihtLLM0	2700.0	市场迎支撑。鲨鱼工作室视频，技术面分析美股走势，预判未来美股走势。 盘中数据模型分析，给短期交易投资指明方向。
_2qihpCD4-Y	2881.0	只是个好的开始。鲨鱼工作室视频，技术面分析美股走势，预判未来美股走势。 盘中数据模型分析，给短期交易投资指明方向。
f6LFsdPVJw0	2618.0	不一样的护盘。鲨鱼工作室视频，技术面分析美股走势，预判未来美股走势。 盘中数据模型分析，给短期交易投资指明方向。
SR3aEtfW4lU	2693.0	理直气壮的调整。鲨鱼工作室视频，技术面分析美股走势，预判未来美股走势。 盘中数据模型分析，给短期交易投资指明方向。
4cuHcdU2Tmk	2570.0	季报博弈或许是好的开始。鲨鱼工作室视频，技术面分析美股走势，预判未来美股走势。 盘中数据模型分析，给短期交易投资指明方向。
Wc6VV5toRzM	2776.0	下周关键多头窗口。鲨鱼工作室视频，技术面分析美股走势，预判未来美股走势。 盘中数据模型分析，给短期交易投资指明方向。
V3MKCirb-tA	2451.0	史上最强阻力。鲨鱼工作室视频，技术面分析美股走势，预判未来美股走势。 盘中数据模型分析，给短期交易投资指明方向。
yZiJabAyct0	2479.0	下周继续上涨。鲨鱼工作室视频，技术面分析美股走势，预判未来美股走势。 盘中数据模型分析，给短期交易投资指明方向。
-vJpCUZy21Y	2957.0	拖拉机行情展开！鲨鱼工作室视频，技术面分析美股走势，预判未来美股走势。 盘中数据模型分析，给短期交易投资指明方向。
y1_7zV7OSHI	2431.0	回踩走势 尴尬结构。鲨鱼工作室视频，技术面分析美股走势，预判未来美股走势。 盘中数据模型分析，给短期交易投资指明方向。
Nd9E3weV-1Q	762.0	美股 美联储决策 利率保持不变 关税+通胀+降息？今年的夏季行情可期否？
mr2Fhx1Ney4	2552.0	回调还是下跌。鲨鱼工作室视频，技术面分析美股走势，预判未来美股走势。 盘中数据模型分析，给短期交易投资指明方向。
L2ak7tcKow0	1054.0	美股 大机构资金涌入股市 “牛市共识”已形成 标普500融涨 美股6000点以上会“失控”吗？6月魔咒 夏日崩盘 是否暗藏崩盘危机
4NJXrf6T5lw	441.0	美股上涨 美债飙升 降息押注升温 美联储会不会提前降息
6XtemaGH1No	2205.0	下周必须上涨。鲨鱼工作室视频，技术面分析美股走势，预判未来美股走势。 盘中数据模型分析，给短期交易投资指明方向。
PBCMRIBFVfg	420.0	美股 上涨 摩根士丹利：经济衰退推高股市 这是牛市起点
kqaSB-MEih4	474.0	美股 华尔街正站在悬崖边缘 是突破还是崩溃？
-ng4_h4NlcQ	2405.0	横盘等刺激。鲨鱼工作室视频，技术面分析美股走势，预判未来美股走势。 盘中数据模型分析，给短期交易投资指明方向。
4pYbtpC8jiw	464.0	美股 美联储五月会议纪要 通胀持续风险上升 失业率上升 工资上涨 三大要素螺旋上涨 滞涨风险
ekUTmUTE9qo	738.0	美股 关税利好 股指冲高 美联储内部分裂 对通胀看法不一 辩论货币政策走向
2fvI1VuwH5E	2833.0	调整已经开始。鲨鱼工作室视频，技术面分析美股走势，预判未来美股走势。 盘中数据模型分析，给短期交易投资指明方向。
wlVqhE8Yvb4	578.0	美股 40万亿赤字引爆比特币！“大印钞”来袭，美联储撑不住了？比特币冲上历史高点，下一站100万美元？
A5u7VT-GTc8	495.0	美股 标普500暴跌50% 穆迪下调美国信用评级带来的骨牌效应
q3mSg6pj1r4	906.0	美股市场 特朗普大漂亮法案 引发 美国信用评级被下调  股市 债市震荡
f_3VXaL_qDw	569.0	美股市场 穆迪下调美国评级 债务危机飙升 预算法案赤字 美国的特拉斯时刻？
B_YlHkXoQ48	941.0	美股 华尔街集体翻多 上调标普500年底目标价 6500 7000点 靠谱嘛 鲨鱼工作室才是最接地气儿的分析
OR6kYlqaWH4	2929.0	市场的阻力不是下跌的理由。鲨鱼工作室视频，技术面分析美股走势，预判未来美股走势。 盘中数据模型分析，给短期交易投资指明方向。
r-jp5jlhCCQ	640.0	美股 末日博士 鲁比尼 罕见看多美国  经济轻微衰退 AI人工智能、机器人技术、量子计算等前沿领域的优势，可能会成为经济增长的压舱石 美国越战越强
_aNQPiGs_Ws	754.0	美股 美中贸易谈判重启 全球市场上涨 经济衰退预期下降 从全面脱钩转向战略性脱钩 避险需求降温 谁在押注下一个牛市起点？
CXECp9x64OE	680.0	美股  超级熊市警告 比2008 2022年还要惨 华尔街疯传的分析报告 投资者如何防守
pTZWqizjBZQ	2645.0	多空僵局还将继续。鲨鱼工作室视频，技术面分析美股走势，预判未来美股走势。 盘中数据模型分析，给短期交易投资指明方向。
fbWbYYLSUx0	606.0	美股 美联储会议决定维持利率不变 通胀失业双重风险上升 关税影响经济 不确定性增加 鲍威尔回应总统威胁不会影响工作 美联储双重任务不变
gJWTnLcJTCA	531.0	美股 估值神话将终结 美股的黄金时代落幕 债券 黄金成为新王者
LeTutEVggks	694.0	美股 就业数据强劲 总统特朗普再度施压美联储 贝森特说债市信号要降息 鲍威尔还能淡定吗？ 死扛到6月还是5月就降息
qj6XdVRAp5A	3176.0	好的开始在五月份。鲨鱼工作室视频，技术面分析美股走势，预判未来美股走势。 盘中数据模型分析，给短期交易投资指明方向。
gs3_eKDmqRE	626.0	美股市场 2025第一季度GDP下降 加剧了对关税和全球贸易战的担忧  美元美债回升 私人就业增长放缓，美国消费者支出增长 公布的一系列数据显示美国经济前景越来越不确定 美联储进退两难 降息预期升温
_53TXnORR1E	719.0	美股市场 美股反弹第五日 美元将陷入重大麻烦 走弱趋势 市场风险加剧 美元霸权或将终结
C_IbAksuiek	671.0	美股市场分析 IMF大幅下调全球经济预期  美国最高关税惹的祸 新财报季goole盈利强劲 降息预期升温 全球最大的两个经济体正在缓解贸易战紧张局势 美股上涨
r2gwhXcp5nY	2863.0	又可以下跌了的护盘行情！鲨鱼工作室视频，技术面分析美股走势，预判未来美股走势。 盘中数据模型分析，给短期交易投资指明方向。
LcchDvU5xgY	415.0	美股分析 美股上涨 降息希望升高 熊市杀手信号闪亮 牛市来了？别急 还有两个信号需要确定，关税不确定性依然存在 市场广度推力需要继续 等待二次探底成功
tcnUzLNPkI8	516.0	美股大涨 关税影响经济衰退概率上升至90% 美国总统特朗普对鲍威尔和中国关税立场软化 股市大涨 中美贸易关系缓和预期升温 美联储官员表态货币政策已准备好应对宏观经济的变化
HKFj5Wg0c7E	1186.0	美股美元暴跌 美元资产遭抛售 特朗普威胁换掉鲍威尔 美联储独立性遭到威胁 美元创下三年新低 投资者信心动摇 对美国经济政策失去信心 黄金上涨 这种动荡蔓延到整个资本市场
NIrL4eVVI7A	643.0	美股 关税贸易政策不确定性 经济衰退变经济危机 雷 达里奥 警告称 比经济衰退更糟糕 人生只经历一次 类似30年的经济危机  堪比 71年布雷顿森林瓦解 2008年的金融危机 鲍威尔抨击川普关税政策
xSKDdiD0054	3053.0	两种行情的定性！鲨鱼工作室视频，技术面分析美股走势，预判未来美股走势。 盘中数据模型分析，给短期交易投资指明方向。
PXtLdN0Da6A	548.0	美股 下跌 美联储主席 鲍威尔对关税影响经济 提出警告 英伟达遭受关税打击加大 大幅下跌 关税扰乱全球科技
OTZkLn8_VXg	592.0	美股 上涨 特朗普豁免部分电子产品关税 科技股提振 市场认为 特朗普政府很可能在某种程度上放弃他们最极端的关税提议 这是一个渐进的好消息 美联储的沃勒认为，即使在最糟糕的情况下，关税通胀也是”暂时的”
ZRvRNYgT5Kc	530.0	美股 上涨 原因美国总统特朗普 对中国将寻求与美国达成协议持“乐观”态度 消费者信心有史以来第二低新财报季 不乐观 中国最后回击 125% 不在跟进 美国信用动摇
kFr7MGRrQ7I	2771.0	短期第一场胜利。鲨鱼工作室视频，技术面分析美股走势，预判未来美股走势。 盘中数据模型分析，给短期交易投资指明方向。
g5OvZ5v3NgM	698.0	美股 狂飙 特朗普暂停90天互惠关税 对中国税率提升至125% 美债暴跌
O6N1jeK-jLI	798.0	美股 特朗普贸易战 中国反击 报复加征同等关税 全球经济衰退 美联储救市无望 美股血崩 极度恐慌 投资者最应该做的事
H7RXNwGCGro	2672.0	止跌！鲨鱼工作室视频，技术面分析美股走势，预判未来美股走势。 盘中数据模型分析，给短期交易投资指明方向。
Q41esM6YuSA	836.0	美股市场 彻底崩盘 血流成河 关税大棒下 有没有赢家 杀敌八百 自损一千 全球经济进入衰退 美国也不会例外 美联储降息是否还来得及
Tq9pn_SscEU	944.0	美股 反弹 恐慌抛售条件满足 等待反弹 4月2日周三 特朗普关税计划将公布 市场焦急等待 第一季度GDP大幅收缩 关税导致经济放缓担忧加剧 比关税更可怕的经济计划 马阿拉戈协议
Ej6cWMihY-I	3139.0	跌了一半 搞事情。鲨鱼工作室视频，技术面分析美股走势，预判未来美股走势。 盘中数据模型分析，给短期交易投资指明方向。
5O5m1gs6IXw	458.0	美股 上涨 特朗普政府关税延期  美国3月商业活动上升 提振股市 美股反弹  4月2日将是下一个转折点 本周经济数据 美联储的首选通胀指标 PCE需关注
_BYDUJNW4Zs	2856.0	爬升，反弹中一道坎。鲨鱼工作室视频，技术面分析美股走势，预判未来美股走势。 盘中数据模型分析，给短期交易投资指明方向。
FkHYgDlA6Bs	867.0	美股 上涨  2月零售销售额增长 美股反弹 关税不确定性 影响依然存在 美联储 议息会议周三公布 利率维持不变大概率 秋季降息预期增强
kQb5IM9xOFc	2699.0	强反弹弱反弹！鲨鱼工作室视频，技术面分析美股走势，预判未来美股走势。 盘中数据模型分析，给短期交易投资指明方向。
f-PzWReY1mo	1054.0	美股 最惨一天 美股闪崩 川普经济衰退不确定 贸易政策 反复无常 经济过渡期 美联储困境 通胀数据是否可预期 市场是短暂情绪波动 还是更深层的趋势逆转 抛售还要持续多久
Eivmvi_at3c	3047.0	中期博弈 台阶！鲨鱼工作室视频，技术面分析美股走势，预判未来美股走势。 盘中数据模型分析，给短期交易投资指明方向。
FpgxTvz41-E	507.0	美股 暴跌 川普关税大棒举起 全面贸易战开打 美股各大指数大幅下跌 ISM 制造业 指数新低 经济疲软红灯亮起 经济下行风险加剧
iz5oQVuylMs	3020.0	下周大机遇反弹！鲨鱼工作室视频，技术面分析美股走势，预判未来美股走势。 盘中数据模型分析，给短期交易投资指明方向。
_MZ4a7KuALo	732.0	美股 涨跌不一 英伟达 NVDA 财报成焦点 AI行业遭抛售 经济数据疲软 投资者感到不安 公司业绩恶化 消费者情绪大幅下滑 美国家庭收入放缓 消费支出不乐观 经济增长遭质疑
SfwSVz0-kJk	2955.0	加速回马枪！鲨鱼工作室视频，技术面分析美股走势，预判未来美股走势。 盘中数据模型分析，给短期交易投资指明方向。
DWJ5Qm9Cqig	931.0	美股 标普500收盘前几秒创历史新高  摆脱关税 通胀负面影响 巴菲特 伯克希尔净卖出股票 美联储逆转路线是否可期
ARiSchtgmbE	3072.0	多头小机遇！鲨鱼工作室视频，技术面分析美股走势，预判未来美股走势。 盘中数据模型分析，给短期交易投资指明方向。
txYJBmcqcio	2847.0	下周上涨有难度。鲨鱼工作室视频，技术面分析美股走势，预判未来美股走势。 盘中数据模型分析，给短期交易投资指明方向。
V9g-2ld1mrQ	701.0	美股 小幅上涨 谷歌 AMD收益不及预期 带动纳斯达克综合指数下跌 不平衡的经济数据 贸易紧张局势以及在人工智能上投入的数十亿美元是否会开始获得回报的问题，令华尔街感到震惊
-COYeAAaxpo	659.0	美股 反弹 川普暂停墨西哥关税 缓解投资者紧张情绪 本周重点 经济数据 企业财报 美联储官员讲话 影响市场的主要因素  Tom Lee 买入下跌的5个理由
rm-ZIaPoA3g	2827.0	下周考研空头能量！鲨鱼工作室视频，技术面分析美股走势，预判未来美股走势。 盘中数据模型分析，给短期交易投资指明方向。
5mMp47_dOxE	469.0	美股 下跌 美联储暂停降息 市场如何发展  今年何时降息
QlHX9dLMm_I	418.0	美股 科技股暴跌 过度反应 还是 真反应 deepseek 人工智能 震撼硅谷 英伟达 最大冲击 Open AI 最大挑战  AI的斯普特尼克时刻  美国芯片出口管制失效
ZxhwbpN0BEA	786.0	美股 小幅下跌 标普500本周创历史新高 美元大跌  美债预期波动率创新低 川普施压美联储 降息与维持 鲍威尔如何选择 下周议息会议见分晓
8LqqStwXxhE	2545.0	空头还将反扑。鲨鱼工作室视频，技术面分析美股走势，预判未来美股走势。 盘中数据模型分析，给短期交易投资指明方向。
SY9VX1vJ73M	617.0	美股预测  周五上涨 美联储年内多次降息可能提升 川普就职 未来美股面临重大回调 30-40%
Y4mrvPYGpBE	2725.0	反抽之后是什么？鲨鱼工作室视频，技术面分析美股走势，预判未来美股走势。 盘中数据模型分析，给短期交易投资指明方向。
OZTUsUGeoKE	2827.0	市场下跌考验什么？鲨鱼工作室视频，技术面分析美股走势，预判未来美股走势。 盘中数据模型分析，给短期交易投资指明方向。
9917kafjE70	789.0	美股 芯片领涨 提振美股 特朗普关税政策收窄  乐观情绪上升 国债收益率升高 加息焦虑依旧
P3k2r-1yTj4	2796.0	小聊一月份走势。鲨鱼工作室视频，技术面分析美股走势，预判未来美股走势。 盘中数据模型分析，给短期交易投资指明方向。
-Yy0k4UmAUA	2687.0	颈线位置的争夺。鲨鱼工作室视频，技术面分析美股走势，预判未来美股走势。 盘中数据模型分析，给短期交易投资指明方向。
MjuGsiDjq-w	422.0	美股 穆迪分析经济学家警告 美股市场面临回调风险 两大因素推动 高关税政策 移民驱逐政策 全面影响经济和股市 通胀压力升温 未来3-5年低增长
Cr11mjMqUKo	3690.0	市场故技重施！鲨鱼工作室视频，技术面分析美股走势，预判未来美股走势。 盘中数据模型分析，给短期交易投资指明方向。
cf4ZEiFHPko	394.0	美股 末日博士 鲁比尼警告 特朗普新政或引发通胀攀升至5% 美国经济放缓 滞涨风险加剧
hCLknzrUPCk	3081.0	可是还是来了。鲨鱼工作室视频，技术面分析美股走势，预判未来美股走势。 盘中数据模型分析，给短期交易投资指明方向。
1VF-nitOit8	478.0	美股 圣诞行情 市场走势 潜在风险 应对策略 全面解析
kdUF0AII034	2945.0	下周多头预期很高！鲨鱼工作室视频，技术面分析美股走势，预判未来美股走势。 盘中数据模型分析，给短期交易投资指明方向。
1MKm50MlZy8	404.0	美股 上涨继续  12月上涨预期5% 季节性因素 宽松政策 良好经济环境 都是有利因素 技术指标支持上涨
Xp-Rd909NHw	2423.0	反技术压力常态化！鲨鱼工作室视频，技术面分析美股走势，预判未来美股走势。 盘中数据模型分析，给短期交易投资指明方向。
MPugmSOZARA	600.0	美股 上涨 特朗普提名贝森特为财政部长 提振股市 小盘股创历史新高 美国股债上涨 收益率下跌 巴克莱 加拿大皇家银行提高标普500年底目标点位 美股迎来投资“黄金时代”
uQL0xGRDlYc	2645.0	美股本质发生变化！鲨鱼工作室视频，技术面分析美股走势，预判未来美股走势。 盘中数据模型分析，给短期交易投资指明方向。
3NYL9tneOSk	1207.0	美股 上涨 英伟达下跌的真正原因 科技股全面回调 美联储继续指明方向
GEJyb8Vjdt0	829.0	美股 上涨 10年期美国国债收益率暂停上涨 美股得到喘息 特斯拉受益新政府政策 摩根士丹利上调标普至7400点
b3G0F96yvbA	2542.0	震荡结构的市场机会。鲨鱼工作室视频，技术面分析美股走势，预判未来美股走势。 盘中数据模型分析，给短期交易投资指明方向。
SQGzgLUZr7Q	810.0	美股 下跌 反弹失去动力 美国国债收益率攀升 股市上涨承压 美联储 鲍威尔表示不急于降息
QoCR9_7V_8g	758.0	美股 迎接川普2.0时代 短期乐观财政政策推动上涨 小盘股跃升至新高 特斯拉受益 黄金重回升势意味什么
o9MHNL-gbjc	3128.0	市场走出掐指一算。鲨鱼工作室视频，技术面分析美股走势，预判未来美股走势。 盘中数据模型分析，给短期交易投资指明方向。
yHVrJPQWzlQ	2968.0	牛熊两茫茫。鲨鱼工作室视频，技术面分析美股走势，预判未来美股走势。 盘中数据模型分析，给短期交易投资指明方向。
sKdyG260d7A	469.0	美股 上涨 油价下跌 国债收益率飙升 大科技财报 亚马逊（Amazon）苹果（Apple）谷歌（Google）Meta 微软（MSFT）AMD等将迎来巨大的科技收益 影响今年剩余时间的预期
iOt4vl5di0I	3208.0	市场还将保持，短期形态特点！鲨鱼工作室视频，技术面分析美股走势，预判未来美股走势。 盘中数据模型分析，给短期交易投资指明方向。
k2TQ4EzJFhU	1026.0	美股 暴跌 科技股领跌背后 牛市蓄力充电 是中段还是终点 特斯拉财报拉开帷幕 预示新起点 还是昙花一现 2025股市前景预测
NYObNk96lxA	714.0	美股 强势上涨 10月下旬失去动力 面临回调压力 各种技术指标显示短期回调临近
2d3j8DaLoW0	3203.0	美股冲顶或是铸顶。鲨鱼工作室视频，技术面分析美股走势，预判未来美股走势。 盘中数据模型分析，给短期交易投资指明方向。
YU0WbMezYdM	2961.0	美股依然可以转折。鲨鱼工作室视频，技术面分析美股走势，预判未来美股走势。 盘中数据模型分析，给短期交易投资指明方向。
swyJPdbmiU8	2923.0	10月走势 短期止跌。鲨鱼工作室视频，从技术面分析美股走势，预判未来的美股走势。 纳斯达克盘中数据模型分析，给短期交易投资指明方向。
ap6kPiZ5BUM	2866.0	市场进入动态平衡的博弈！鲨鱼工作室视频，从短期技术面分析美股走势，预判未来的美股走势。 纳斯达克当天盘中数据模型分析，给短期交易投资指明方向。
RxkKwVkqxg0	2772.0	美股利好兑现后。鲨鱼工作室视频，从短期技术面分析美股走势，预判未来的美股走势。 纳斯达克当天盘中数据模型分析，给短期交易投资指明方向。
Qsmg5U7U2VQ	3077.0	结构共振。鲨鱼工作室公共视频，从短期技术面分析美股走势，预判未来的美股走势。 纳斯达克当天盘中数据模型分析，给短期交易投资指明方向。
KGBRH_XQrDg	3511.0	美股的第三个高点。让你从复杂的结构中获利！从短期技术面分析美股走势，预判未来的美股走势。 纳斯达克数据模型分析，给短期交易投资指明方向。
aLIHUVkgvHA	3410.0	9月美股V型定乾坤。鲨鱼工作室公共视频，从短期技术面分析美股走势，预判未来的美股走势。 纳斯达克当天盘中数据模型分析，给短期交易投资指明方向。
UQA8QnkIRko	2794.0	美股带来新结构的机会。鲨鱼工作室公共视频，从短期技术面分析美股走势，预判未来的美股走势。 纳斯达克当天盘中数据模型分析，给短期交易投资指明方向。
Og6JT8TYG68	684.0	美股 全线上涨 积极经济数据推动 经济衰退担忧消散 下周重点 杰克逊霍尔经济研讨会
WEEQnOlPBUo	3515.0	底部确定 下周大博弈！鲨鱼工作室公共视频，从短期技术面分析美股走势，预判未来的美股走势。 纳斯达克当天盘中数据模型分析，给短期交易投资指明方向。
fDt6hzcipSg	738.0	美股 崩盘 下周通胀数据出炉 美联储降息预期重燃 抛售是否继续
0zrR2IaKetU	2782.0	投资者期待的朦胧上涨。鲨鱼工作室公共视频，从短期技术面分析美股走势，预判未来的美股走势。 纳斯达克当天盘中数据模型分析，给短期交易投资指明方向。
ITpONh2qq-U	732.0	美股 崩跌 就业数据触发萨姆规则 经济衰退担忧加剧 美联储压力升级  美联储行动再次迟缓 政治压力
7FqQ7KTwFyg	2867.0	8月定调调，下周有反弹！鲨鱼工作室公共视频，从短期技术面分析美股走势，预判未来的美股走势。 纳斯达克当天盘中数据模型分析，给短期交易投资指明方向。
X9IofFSzObc	596.0	美股 反弹 通胀数据平和 美联储是否7月降息 美股反弹走多远
YbHVcWUKgGQ	2755.0	短痛的超跌 不一样的上涨！鲨鱼工作室公共视频，从短期技术面分析美股走势，预判未来的美股走势。 纳斯达克当天盘中数据模型分析，给短期交易投资指明方向。
jUlvkzOm0Rw	603.0	美股 崩溃 迎来“夏日风暴” CrowdStrike Microsoft  全球科技受冲击 众多行业瘫痪 引发恐慌
Oi4zd7SmGtA	3194.0	大选美股准备好了吗？鲨鱼工作室公共视频，从短期技术面分析美股走势，预判未来的美股走势。 纳斯达克当天盘中数据模型分析，给短期交易投资指明方向。
naH_UfKvZz4	948.0	美股 全线收高 美联储降息预期 升温 小盘股迎来新机会
YRNWqfV4u24	3340.0	争强斗胜，7月周线藏玄机。鲨鱼工作室公共视频，从短期技术面分析美股走势，预判未来的美股走势。 纳斯达克当天盘中数据模型分析，给短期交易投资指明方向。
UYzQ_PNL8LQ	641.0	美股 下半年上涨动力 关注股指已无意义 选股的质量 时机 是关键
jyQ_HDKecL4	2996.0	举起双手在7月。鲨鱼工作室公共视频，从短期技术面分析美股走势，预判未来的美股走势。 纳斯达克当天盘中数据模型分析，给短期交易投资指明方向。
qQFM0r5dSSM	739.0	美股 通胀数据放缓 股市下跌 标普500将迎来回调 美联储 银行系统 压力测试 未达要求 小银行或迎来倒闭潮
2AJGzUnm8Kk	3093.0	只手难遮天 泡沫也有春天！鲨鱼工作室公共视频，从短期技术面分析美股走势，预判未来的美股走势。 纳斯达克当天盘中数据模型分析，给短期交易投资指明方向。
0K1VXNvlmZE	692.0	美股 市场分析 美联储 可能7月降息
xpsv7rNkC0M	3300.0	下周低点结构。鲨鱼工作室公共视频，从短期技术面分析美股走势，预判未来的美股走势。 纳斯达克当天盘中数据模型分析，给短期交易投资指明方向。
X2DnM_aC7TE	656.0	美股 上涨暂停 消费者信心骤降 美联储将回归鸽派 降息预期升温
6BzrSR7SPIs	2699.0	小结构筑造 变盘期间。鲨鱼工作室公共视频，从短期技术面分析美股走势，预判未来的美股走势。 纳斯达克当天盘中数据模型分析，给短期交易投资指明方向。
WD_avbui7Yw	950.0	美股 就业报告 非农数据超预期 美联储前景悬而未决 美股市场风云再起 新高在前方
mjok20B9wz8	2853.0	多头戏台还在 好戏连连看政府。鲨鱼工作室公共视频，从短期技术面分析美股走势，预判未来的美股走势。 纳斯达克当天盘中数据模型分析，给短期交易投资指明方向。
SXdsgKhwUkg	932.0	美股 市场分析 通胀数据 PCE 平稳 美股反弹开始
ISdjOLSAPyA	3016.0	千言万语 六月份。鲨鱼工作室公共视频，从短期技术面分析美股走势，预判未来的美股走势。 纳斯达克当天盘中数据模型分析，给短期交易投资指明方向。
4BHL4wjh6bY	2813.0	人云亦云的下跌 基础不牢。鲨鱼工作室公共视频，从短期技术面分析美股走势，预判未来的美股走势。 纳斯达克当天盘中数据模型分析，给短期交易投资指明方向。
e5OmNp6oRpk	772.0	美股上涨 英伟达业绩预期 美联储会议纪要 周三重头戏 美股牛市高点可期
O4BCmzDzdMQ	2904.0	美股进入新区间。鲨鱼工作室公共视频，从短期技术面分析美股走势，预判未来的美股走势。 纳斯达克当天盘中数据模型分析，给短期交易投资指明方向。
v2iJAFnIoo0	723.0	美股 道琼斯再创连涨继续 数据疲软 引发降息预期 同时 引发衰退担忧  美联储在走钢丝
MjDMOM0DbuY	2871.0	五月份的行情有一点肯定。鲨鱼工作室公共视频，从短期技术面分析美股走势，预判未来的美股走势。 纳斯达克当天盘中数据模型分析，给短期交易投资指明方向。
ynUVCGVNRxg	762.0	美股 周一继续上涨 国债收益率继续下降 降息预期持续 美联储更希望早日降息
jIraCG0YPMk	629.0	美股 多头重掌市场 就业数据放缓 降息议题重回市场 美债收益率暴跌 5月不宜卖出离场
zTPChQbiKaQ	2710.0	福星高照的下周走势。鲨鱼工作室公共视频，从短期技术面分析美股走势，预判未来的美股走势。 纳斯达克当天盘中数据模型分析，给短期交易投资指明方向。
WEQmPXMrdJA	605.0	美股 科技股反弹 双重威胁 经济降温 通胀顽固 可能会迫使美联储维持高利率 美国消费者的稳定推动了有弹性的经济活动 还远没有开始衰退
3xxDh8v4ftg	2988.0	牛气冲天的反弹会是行情的开始。鲨鱼工作室公共视频，从短期技术面分析美股走势，预判未来的美股走势。 纳斯达克当天盘中数据模型分析，给短期交易投资指明方向。
EYzZCkE6voE	484.0	美股 纳斯达克 下跌超2% 英伟达下跌10% 地缘政治 粘性通胀 严重困扰市场
WlfV_JufrVE	3332.0	下周低点的重要性。鲨鱼工作室公共视频，从短期技术面分析美股走势，预判未来的美股走势。 纳斯达克当天盘中数据模型分析，给短期交易投资指明方向。
_gNwZ0hy13k	3766.0	大调整还是箱体结构。鲨鱼工作室公共视频，从短期技术面分析美股走势，预判未来的美股走势。 纳斯达克当天盘中数据模型分析，给短期交易投资指明方向。
lYGny9ewrTM	722.0	美股 大涨 就业人数暴增 经济强劲 债券市场鹰派重新定价 降息预期再落空
gzJPAhuikQE	2758.0	现在的问题就是行情还没开始。鲨鱼工作室公共视频，从短期技术面分析美股走势，预判未来的美股走势。 纳斯达克当天盘中数据模型分析，给短期交易投资指明方向。
Pgi2o2ewmck	2866.0	重仓是眼下最关键的事情。鲨鱼工作室公共视频，从短期技术面分析美股走势，预判未来的美股走势。 纳斯达克当天盘中数据模型分析，给短期交易投资指明方向。
dtTM3K-9H5Y	449.0	美股 横盘整理 变盘时间点 继续上涨 还是 出现调整 周五个人消费报告是否超预期 美联储政策路径是否改变
qC3n-7zaKLE	969.0	美股 喘息 美联储最新警告 利率政策路径或将改变 牛市还能持续多久
4sk2eINvBRI	2868.0	多头窗口 中期结构。鲨鱼工作室公共视频，从短期技术面分析美股走势，预判未来的美股走势。 纳斯达克当天盘中数据模型分析，给短期交易投资指明方向。
0BiKJogigEw	789.0	美联储又成最大考验，美股怎么走，美国告别金发姑娘，美国迎接滞涨时代。鲨鱼工作室公共视频，从短期技术面分析美股走势，预判未来的美股走势。 纳斯达克当天盘中数据模型分析，给短期交易投资指明方向。
8z5JZO0DdOc	2876.0	下周多头博弈的核心。鲨鱼工作室公共视频，从短期技术面分析美股走势，预判未来的美股走势。 纳斯达克当天盘中数据模型分析，给短期交易投资指明方向。
qTV_hrhS8BY	728.0	通胀率的独家解读，美股还将继续上涨，物价水平不会下降，短期技术预示后期美股走势 鲨鱼工作室公共视频，从短期技术面分析美股走势，预判未来的美股走势。 纳斯达克当天盘中数据模型分析。
9ARc2CcRR28	827.0	美股 崩盘信号频闪 反弹失去动力 处于完美下跌状态 投资者恐慌 为下跌做好准备
BH3TJm29U2I	2793.0	美股下跌就是机会，这样一样轻松获利。鲨鱼工作室公共视频，从短期技术面分析美股走势，预判未来的美股走势。 纳斯达克当天盘中数据模型分析，给短期交易投资指明方向。
DE-3wJBkoAY	785.0	回顾历史现在的美股积累了多少的风险，美联储听证会 多头或是空头的 加速器 鲨鱼工作室公共视频，从短期技术面分析美股走势，预判未来的美股走势。 纳斯达克当天盘中数据模型分析，给短期交易投资指明方向。
IFgNe-MXoSs	2535.0	美股下个攻击的目标，三月份开门红的意义。鲨鱼工作室公共视频，从短期技术面分析美股走势，预判未来的美股走势。 纳斯达克当天盘中数据模型分析，给短期交易投资指明方向。
sVEn5nQjvJw	773.0	美股2月收官 美股震荡加大 解读财经数据 美联储已经传达重要指示。鲨鱼工作室公共视频，从短期技术面分析美股走势，预判未来的美股走势。 纳斯达克当天盘中数据模型分析，给短期交易投资指明方向。
oDC0nED8x8c	848.0	美股乱象背后的真相，市场该如何抉择方向。鲨鱼工作室公共视频，从短期技术面分析美股走势，预判未来的美股走势。 纳斯达克当天盘中数据模型分析，给短期交易投资指明方向。
fnnq8F-hTLA	577.0	美股 标普500 再创新高 英伟达涨势减弱 美联储VS英伟达 败下阵来 下周可能虎头蛇尾
M-vBsnHnD_w	2910.0	美股2月份收盘藏玄机，一条黄线定乾坤。鲨鱼工作室公共视频，从短期技术面分析美股走势，预判未来的美股走势。 纳斯达克当天盘中数据模型分析，给短期交易投资指明方向。
aiV1Fg-9hPo	869.0	美股会起稳，季报还有大雷吗？美国大选与美联储的博弈开始了。鲨鱼工作室公共视频，从短期技术面分析美股走势，预判未来的美股走势。 纳斯达克当天盘中数据模型分析，给短期交易投资指明方向。
NRebSYSTrI8	408.0	美股 三大股指均下跌 峰值的警告轰然响起 生产者价格指数强于预期 美股狂欢能否继续  泡沫泡沫这不是泡沫
PV34Bk_fYBA	2612.0	瞒天过海的平衡。鲨鱼工作室公共视频，从短期技术面分析美股走势，预判未来的美股走势。 纳斯达克当天盘中数据模型分析，给短期交易投资指明方向。
ADcuCCkpOH0	754.0	美股反转？美股会涨到哪里。详解CPI背后的逻辑。鲨鱼工作室公共视频，从短期技术面分析美股走势，预判未来的美股走势。 纳斯达克当天盘中数据模型分析，给短期交易投资指明方向。
TYHmHsTe0uA	943.0	美股再创新纪录 1972年以来最强投资方法揭秘，详解美债，美国贫富差距。鲨鱼工作室公共视频，从短期技术面分析美股走势，预判未来的美股走势。 纳斯达克当天盘中数据模型分析，给短期交易投资指明方向。
2tHIwt1F0-U	2706.0	大结构的走势判断 2种买入波段的方法。鲨鱼工作室公共视频，从短期技术面分析美股走势，预判未来的美股走势。 纳斯达克当天盘中数据模型分析，给短期交易投资指明方向。
hrQHGCP_iL8	536.0	美股 标普500创纪录高点 目标实现 2024美股 走势更精彩 风险 机遇 相伴而来 新年快乐
Jz2cOFdRVy8	874.0	美股空头试图围攻散户，商业银行暴雷中，房地产数据分析。鲨鱼工作室公共视频，从短期技术面分析美股走势，预判未来的美股走势。 纳斯达克当天盘中数据模型分析，给短期交易投资指明方向。
M76QQLl5bWw	993.0	美联储再度砸盘，美股上车还是下车。经济数据推升行情。鲨鱼工作室公共视频，从短期技术面分析美股走势，预判未来的美股走势。 纳斯达克当天盘中数据模型分析，给短期交易投资指明方向。
ZnDP-lScZe0	2194.0	防踏空。鲨鱼工作室公共视频，从短期技术面分析美股走势，预判未来的美股走势。 纳斯达克当天盘中数据模型分析，给短期交易投资指明方向。
26WZg7qO3jY	823.0	美联储推迟降息，美股车祸现场直播。华尔街爆料绝密数据。鲨鱼工作室公共视频，从短期技术面分析美股走势，预判未来的美股走势。 纳斯达克当天盘中数据模型分析，给短期交易投资指明方向。
o739Ip-LcdA	1023.0	特斯拉反弹了，降息乐观 美联储，华尔街爆料 GDP 详细解读 美股后期走势 鲨鱼工作室公共视频，从短期技术面分析美股走势，预判未来的美股走势。 纳斯达克当天盘中数据模型分析，给短期交易投资指明方向。
UEtSAQul1QA	2628.0	空头遇见美联储，这个空头不太大。鲨鱼工作室公共视频，从短期技术面分析美股走势，预判未来的美股走势。 纳斯达克当天盘中数据模型分析，给短期交易投资指明方向。
7o8QgbB9LbM	934.0	通胀对于美股的影响，空头即将包围美股。华尔街绝密爆料。鲨鱼工作室公共视频，从短期技术面分析美股走势，预判未来的美股走势。 纳斯达克当天盘中数据模型分析，给短期交易投资指明方向。
c_FT1f8l8vc	3122.0	下周有望迎来美股的共同努力。鲨鱼工作室公共视频，从短期技术面分析美股走势，预判未来的美股走势。 纳斯达克当天盘中数据模型分析，给短期交易投资指明方向。
0ONQgNyBcCk	1064.0	深层爆料 美股还将连续下跌 一月份虎头蛇尾。鲨鱼工作室公共视频，从短期技术面分析美股走势，预判未来的美股走势。 纳斯达克当天盘中数据模型分析，给短期交易投资指明方向。
nt6a27Qw46k	3328.0	等待场外期待加速！鲨鱼工作室公共视频，从短期技术面分析美股走势，预判未来的美股走势。 纳斯达克当天盘中数据模型分析，给短期交易投资指明方向。
2V-5sUXF5rU	898.0	美股反弹还将继续，降息前美股会涨多少！鲨鱼工作室公共视频，从短期技术面分析美股走势，预判未来的美股走势。 纳斯达克当天盘中数据模型分析，给短期交易投资指明方向。
3lRvv0cwfoY	2924.0	2024扶摇直上 起底反弹。鲨鱼工作室公共视频，从短期技术面分析美股走势，预判未来的美股走势。 纳斯达克当天盘中数据模型分析，给短期交易投资指明方向。
scr1nqdQg30	964.0	美股暴跌 2024开门黑 绝密爆料告诉你怎么跌。鲨鱼工作室公共视频，从短期技术面分析美股走势，预判未来的美股走势。 纳斯达克当天盘中数据模型分析，给短期交易投资指明方向。
BFribS26Wok	3122.0	美股进入第三阶段，火焰山！鲨鱼工作室公共视频，从短期技术面分析美股走势，预判未来的美股走势。 纳斯达克当天盘中数据模型分析，给短期交易投资指明方向。
O3O9Wlzn8A8	1034.0	美股继续创新高，2023美国大衰退没有出现，为什么？鲨鱼工作室公共视频，从短期技术面分析美股走势，预判未来的美股走势。 纳斯达克当天盘中数据模型分析，给短期交易投资指明方向。
bsUq5K1YA5M	2900.0	2024心法先行2023总结发言。鲨鱼工作室公共视频，从短期技术面分析美股走势，预判未来的美股走势。 纳斯达克当天盘中数据模型分析，给短期交易投资指明方向。
KVvkAkZjjNM	943.0	美联储重磅解读因为降息美股还会再度暴涨吗？鲨鱼工作室公共视频，从短期技术面分析美股走势，预判未来的美股走势。 纳斯达克当天盘中数据模型分析，给短期交易投资指明方向。
L6BmM3ulA0s	3190.0	只说能卖不能卖！鲨鱼工作室公共视频，从短期技术面分析美股走势，预判未来的美股走势。 纳斯达克当天盘中数据模型分析，给短期交易投资指明方向。
aUdtwyItt-g	942.0	美股继续爆拉迎接明日对决，很多人看不惯的上涨已经开始了！鲨鱼工作室公共视频，从短期技术面分析美股走势，预判未来的美股走势。 纳斯达克当天盘中数据模型分析，给短期交易投资指明方向。
-1y-QkrEEBA	2885.0	美股下一步的重要性。鲨鱼工作室公共视频，从短期技术面分析美股走势，预判未来的美股走势。 纳斯达克当天盘中数据模型分析，给短期交易投资指明方向。
PC51k4YbOQw	690.0	爆料12月份美股走势 有图有真相 空头最后的机会。鲨鱼工作室公共视频，从短期技术面分析美股走势，预判未来的美股走势。 纳斯达克当天盘中数据模型分析，给短期交易投资指明方向。
Mc5pwMM73LQ	229.0	鲨鱼工作室的来世今生！鲨鱼工作室公共视频，从短期技术面分析美股走势，预判未来的美股走势。 纳斯达克当天盘中数据模型分析，给短期交易投资指明方向。
2KdyUSoQg9w	4247.0	新牛市特点梳理。12月展望 各股机会结构。鲨鱼工作室公共视频，从短期技术面分析美股走势，预判未来的美股走势。 纳斯达克当天盘中数据模型分析，给短期交易投资指明方向。
2cFvOpaE5Fw	598.0	华尔街爆料 美股还要上涨 散户必须追高买入！美股变盘 美股横盘 美股继续上涨。美股调整预期。鲨鱼工作室公共视频，从短期技术面分析美股走势，预判未来的美股走势。
bP-_Wc8yfuE	2778.0	美股多头中期结构打开。鲨鱼工作室公共视频，从短期技术面分析美股走势，预判未来的美股走势。 纳斯达克当天盘中数据模型分析，给短期交易投资指明方向。
IOk0r_uw-0M	723.0	美股暴力拉升背后的多头逻辑是什么？空头疯狂反扑鲨鱼工作室公共视频出品。 美股连续的拉升 空头的煎熬 市场还会继续上涨吗 多空博弈的结果 多头重要的目标 市场调整的机会 美股拉升会停止吗 美股不停涨
HvIVYJ2Fkpg	3099.0	美股迎来 第二梦。鲨鱼工作室公共视频，从短期技术面分析美股走势，预判未来的美股走势。 纳斯达克当天盘中数据模型分析，给短期交易投资指明方向。
T7DmnG3Bql8	962.0	投资致富 金钥匙 泡沫。美股投资获利主要靠什么来完成，美股周期运行，美股泡沫对于市场的影响，如果看待美股上涨的泡沫机会。要如何把握投资获利的机会。美股暴涨是好事吗？
68lAWx_Pt_g	3292.0	美股好上加好 行情展开。鲨鱼工作室公共视频，从短期技术面分析美股走势，预判未来的美股走势。 纳斯达克当天盘中数据模型分析，给短期交易投资指明方向。
mHbDFVz79K0	770.0	美股只是反弹，有人已经离场！反弹结束。工作室公共视频，从短期技术面分析美股走势，预判未来的美股走势。 纳斯达克当天盘中数据模型分析，给短期交易投资指明方向。
7QUOPalGM1Y	3685.0	复合底部结构的把握和机会。鲨鱼工作室公共视频，从短期技术面分析美股走势，预判未来的美股走势。 纳斯达克当天盘中数据模型分析，给短期交易投资指明方向。
gOzKMj3C7Hk	681.0	美联储还会暂停加息，小魔卖股背后的逻辑，下跌趋势中卖出股票你并不独单。
eCxkvBlPer8	3993.0	多头最期待的行情会在下周开始？鲨鱼工作室公共视频，从短期技术面分析美股走势，预判未来的美股走势。 纳斯达克当天盘中数据模型分析，给短期交易投资指明方向。
OXPW-NIWaIU	672.0	美股超跌反弹走多远。鲨鱼工作室公共视频，从短期技术面分析美股走势，预判未来的美股走势。 纳斯达克当天盘中数据模型分析，给短期交易投资指明方向。
7P8LKZuu_sk	3493.0	美股进入黑暗期。鲨鱼工作室公共视频，从短期技术面分析美股走势，预判未来的美股走势。 纳斯达克当天盘中数据模型分析，给短期交易投资指明方向。
gD3mdSrrO-4	542.0	美股多头回归，重要阻力位置在哪里？鲨鱼工作室公共视频，从短期技术面分析美股走势，预判未来的美股走势。 纳斯达克当天盘中数据模型分析，给短期交易投资指明方向。
Ehhk4HBjLFo	2978.0	空头开始衰竭的信号。鲨鱼工作室公共视频，从短期技术面分析美股走势，预判未来的美股走势。 纳斯达克当天盘中数据模型分析，给短期交易投资指明方向。
RBQCrmtxUDU	567.0	美股又到拉升时，还能继续上涨吗？鲨鱼工作室公共视频，从短期技术面分析美股走势，预判未来的美股走势。 纳斯达克当天盘中数据模型分析，给短期交易投资指明方向。
3kaXkyVexM0	2882.0	不出意外的底部。鲨鱼工作室公共视频，从短期技术面分析美股走势，预判未来的美股走势。 纳斯达克当天盘中数据模型分析，给短期交易投资指明方向。
ewR6hVzsa1I	423.0	美股又到崩盘时 之后会怎样？鲨鱼工作室公共视频，从短期技术面分析美股走势，预判未来的美股走势。 纳斯达克当天盘中数据模型分析，给短期交易投资指明方向。
fLdbH5ul9Yc	229.0	祝各位中秋快乐！鲨鱼工作室公共视频，从短期技术面分析美股走势，预判未来的美股走势。 纳斯达克当天盘中数据模型分析，给短期交易投资指明方向。
H5_22uNU3Cs	3256.0	九月份收官重要判断。鲨鱼工作室公共视频，从短期技术面分析美股走势，预判未来的美股走势。 纳斯达克当天盘中数据模型分析，给短期交易投资指明方向。
t4zPs_HMTIw	577.0	美股超跌反弹依然是主要基调。鲨鱼工作室公共视频，从短期技术面分析美股走势，预判未来的美股走势。 纳斯达克当天盘中数据模型分析，给短期交易投资指明方向。
xnl4334ZOng	567.0	美股超跌反弹依然是主要基调。鲨鱼工作室公共视频，从短期技术面分析美股走势，预判未来的美股走势。 纳斯达克当天盘中数据模型分析，给短期交易投资指明方向。
gfLuf87RXKc	3715.0	世纪大转折，美股中期结构。鲨鱼工作室公共视频，从短期技术面分析美股走势，预判未来的美股走势。 纳斯达克当天盘中数据模型分析，给短期交易投资指明方向。
z0DjGQhYWDA	571.0	美股还将继续上攻，第一目标在哪里？鲨鱼工作室公共视频，从短期技术面分析美股走势，预判未来的美股走势。 纳斯达克当天盘中数据模型分析，给短期交易投资指明方向。
l7JQPCmitxw	2777.0	低点交易 美股中期牛市结构。鲨鱼工作室公共视频，从短期技术面分析美股走势，预判未来的美股走势。 纳斯达克当天盘中数据模型分析，给短期交易投资指明方向。
dKGUdQQIeqM	487.0	美股是否可以借助消息面 向上突破 鲨鱼工作室公共视频，从短期技术面分析美股走势，预判未来的美股走势。 纳斯达克当天盘中数据模型分析，给短期交易投资指明方向。
lb4EK9qTF2g	2869.0	核心交易方法。鲨鱼工作室公共视频，从短期技术面分析美股走势，预判未来的美股走势。 纳斯达克当天盘中数据模型分析，给短期交易投资指明方向。
ajbAjvUo16E	400.0	美股等待变盘，美股还会上涨。鲨鱼工作室分析今天的美股走势，判断明天的美股走势。 短期技术指标分析，小时级别的预测分享。会员视频和俱乐部视频有更加深刻的分析和预判。包括个股的交流以及交易。
zTN636PHfr4	2681.0	八月份美股收官总结以及展望。鲨鱼工作室公共视频，分析今天的美股走势，判断明天的美股走势。 短期技术指标分析，小时级别的预测分享。会员视频和俱乐部视频有更加深刻的分析和预判。包括个股的交流以及交易。
37w2LF17Ih0	2656.0	低点的重要性。鲨鱼工作室公共视频，分析今天的美股走势，判断明天的美股走势。 短期技术指标分析，小时级别的预测分享。会员视频和俱乐部视频有更加深刻的分析和预判。包括个股的交流以及交易。
DeZ8EDTFWaE	2809.0	股灾式下跌的背后本质。鲨鱼工作室公共视频，分析今天的美股走势，判断明天的美股走势。 短期技术指标分析，小时级别的预测分享。会员视频和俱乐部视频有更加深刻的分析和预判。包括个股的交流以及交易。
otq0M6P0h0M	2612.0	美股新阶段 大战红孩儿 鲨鱼工作室公共视频，分析今天的美股走势，判断明天的美股走势。 短期技术指标分析，小时级别的预测分享。会员视频和俱乐部视频有更加深刻的分析和预判。包括个股的交流以及交易。
Eaxk_2rA8gY	249.0	美股 告别视频
xG_RnM_RcFo	2764.0	8月开局 资金大清洗。鲨鱼工作室公共视频，分析今天的美股走势，判断明天的美股走势。 短期技术指标分析，小时级别的预测分享。会员视频和俱乐部视频有更加深刻的分析和预判。包括个股的交流以及交易。
h-nXIAqitl4	2572.0	多头降温的行情预期。鲨鱼工作室公共视频，分析今天的美股走势，判断明天的美股走势。 短期技术指标分析，小时级别的预测分享。会员视频和俱乐部视频有更加深刻的分析和预判。包括个股的交流以及交易。
NOtv1NFcsaE	544.0	美股 上涨 通胀等经济数据向好 提振投资者情绪 科技股有继续上行空间 跟随牛市让利润继续奔跑 随时 谨慎对待市场信号
YKfe52I4M-c	936.0	加息对于市场的影响！鲨鱼工作室公共视频，分析今天的美股走势，判断明天的美股走势。 短期技术指标分析，小时级别的预测分享。会员视频和俱乐部视频有更加深刻的分析和预判。包括个股的交流以及交易。
chRBssHu7mo	432.0	美股 上涨 7月份的商业活动放缓至5个月来的最低水平 美联储 议息会议前夕 市场广度正在扩大 板块轮换正在进行  部分股票随时调整 部分股票上涨空间打开 抓对重点才能获利
QCuudeLAFy4	3839.0	大衰退已经远离我们？鲨鱼工作室公共视频，分析今天的美股走势，判断明天的美股走势。 短期技术指标分析，小时级别的预测分享。会员视频和俱乐部视频有更加深刻的分析和预判。包括个股的交流以及交易。
AEGRjsGOP1E	421.0	美股 震荡 小幅走高 美股本周再次收高 道琼斯指数将连涨10天 纳斯达克 100 指数再平衡调整 24万亿美元股票期权合约到期 波动性上升 科技股努力挽回前一交易日的跌幅
qGeoGhwaHSI	3370.0	美股马上创新高 股民还在等大衰退鲨鱼工作室公共视频，分析今天的美股走势，判断明天的美股走势。 短期技术指标分析，小时级别的预测分享。会员视频和俱乐部视频有更加深刻的分析和预判。包括个股的交流以及交易。
rJWcJvYAdlE	510.0	美股 美元 黄金 美债 标普500指数 4500点 强阻力位 关键时刻 通胀数据 美联储 选择何方
OwY5Ymq_8Vw	3368.0	市场双头？继续涨一波？鲨鱼工作室公共视频，分析今天的美股走势，判断明天的美股走势。 短期技术指标分析，小时级别的预测分享。会员视频和俱乐部视频有更加深刻的分析和预判。包括个股的交流以及交易。
bCXSZ2wkb5A	334.0	美股 上涨 就业报告 好坏参半 美联储更多工作 7月加息几乎板上钉钉 经济强劲是下一个关注目标 而不是美联储加息
QVlNkANsqsk	464.0	献给工作室投资者。鲨鱼工作室公共视频，分析今天的美股走势，判断明天的美股走势。 短期技术指标分析，小时级别的预测分享。会员视频和俱乐部视频有更加深刻的分析和预判。包括个股的交流以及交易。
nkMlXEze9EU	3485.0	最后机会的详解。鲨鱼工作室公共视频，分析今天的美股走势，判断明天的美股走势。 短期技术指标分析，小时级别的预测分享。会员视频和俱乐部视频有更加深刻的分析和预判。包括个股的交流以及交易。
3mIk2mS7_A8	472.0	美股 上涨 科技股继续领涨 交易员怕错过继续调仓 推动股市大幅反弹 人工智能仍是热点 错过的还可以关注很多没有太大涨幅的股票
2f8dC6w7UWc	3068.0	美股将会下跌到哪里。鲨鱼工作室公共视频，分析今天的美股走势，判断明天的美股走势。 短期技术指标分析，小时级别的预测分享。会员视频和俱乐部视频有更加深刻的分析和预判。包括个股的交流以及交易。
h-xXLmixHLM	396.0	美股 下跌 央行行长的鹰派评论重新引发了对全球经济增长的担忧 周五公数据显示，欧元区6月份的商业活动失去了势头 美国经济增长可能也在放缓
OUutm6yDv94	2766.0	一次行情梳理。鲨鱼工作室公共视频，分析今天的美股走势，判断明天的美股走势。 短期技术指标分析，小时级别的预测分享。会员视频和俱乐部视频有更加深刻的分析和预判。包括个股的交流以及交易。
eBO9i87AoO8	332.0	美股 震荡 标普500新高 上涨趋势确立与市场超买之间挣扎 4.2万亿期权事件影响 股市更多波动
QCuewbFMtt0	362.0	美股 上涨  投资者希望美联储跳过加息
3YI9sPs5j7g	3390.0	下周空头窗口！鲨鱼工作室公共视频，分析今天的美股走势，判断明天的美股走势。 短期技术指标分析，小时级别的预测分享。会员视频和俱乐部视频有更加深刻的分析和预判。包括个股的交流以及交易。
OzuIzFeiooc	423.0	美股 冲高回落 标普500触及52周新高水平 然后回落，但该指数本周仍有望小幅上涨 科技股继续领涨空头头寸创纪录 现金持有继续增加 CME FedWatch工具的数据预计暂停加息的可能性接近75%。
zwbqd4inU_g	331.0	美股 涨跌互现 标普500重新进入新牛市 美联储下次会议
_q-YCU4gKzg	3518.0	美股6月再创新高！鲨鱼工作室公共视频，分析今天的美股走势，判断明天的美股走势。 短期技术指标分析，小时级别的预测分享。会员视频和俱乐部视频有更加深刻的分析和预判。包括个股的交流以及交易。
mVt3tyFdwsI	358.0	美股 下跌 美债上限遇阻 就业数据超预期强劲 美联储加息恐慌再度来袭 能否阻挡牛的脚步
AqAmkJtDezY	3098.0	中期结构给我们带来了巨大收益 鲨鱼工作室公共视频，分析今天的美股走势，判断明天的美股走势。 短期技术指标分析，小时级别的预测分享。会员视频和俱乐部视频有更加深刻的分析和预判。包括个股的交流以及交易。
648q6HyEFys	469.0	美股 上涨 债务上限协议将达成的希望越来越大 一旦达成债务协议 市场将不得不应对美联储将扼杀经济的残酷现实 紧缩政策可能要到夏末才会结束这意味着我们明年可能会得到更大幅度的降息
C56D2ojnMm0	785.0	美股 下跌 美国债务上限陷入僵局 美联储官员上个月“普遍认为”，进一步加息的必要性“变得不那么确定了”
jgkXxSn-QVA	3448.0	美股新征途 ！鲨鱼工作室公共视频，分析今天的美股走势，判断明天的美股走势。 短期技术指标分析，小时级别的预测分享。会员视频和俱乐部视频有更加深刻的分析和预判。包括个股的交流以及交易。
d-na7RhNSnI	402.0	美股 下跌 共和党谈判代表停止债务上限谈判引发了达成协议的怀疑 美联储鲍威尔给出明确信号 下月停止加息
-s5Og9ZE-Ig	472.0	美股 上涨 债务上限危机 可能达成协议 地区银行上涨 标准普尔指数仍在区间交易 需要债务上限协议或美联储明确加息路径明晰 才能推动股市大幅上涨。
zo6Ct3XOmiM	3346.0	困难重重的多头窗口 鲨鱼工作室公共视频，分析今天的美股走势，判断明天的美股走势。 短期技术指标分析，小时级别的预测分享。会员视频和俱乐部视频有更加深刻的分析和预判。包括个股的交流以及交易。
lAit6_nCyIA	352.0	美股 对美国经济和地区银行的担忧抑制了投资者情绪 股市下跌 密歇根大学消费者信心指数的初步读数降至57.7 对债务上限谈判的担忧持续加大 市场普遍缺乏信心（5/12）
slic9W_S1H0	320.0	美股 通胀放缓 债务上限危机  因收入下降 6月1日债务上限违约的最后期限日益临近 美国政府4月录得1,760亿美元顺差 较上年同期纪录大幅下降
P6PkkXGeZeQ	428.0	美股 通胀数据周三公布 市场寻找方向 美元持续走低 债券市场显示2023年降息
z2nlP9WWx5w	3482.0	五月份我们必然大赚！鲨鱼工作室公共视频，分析今天的美股走势，判断明天的美股走势。 短期技术指标分析，小时级别的预测分享。会员视频和俱乐部视频有更加深刻的分析和预判。包括个股的交流以及交易。
_IUYmPhXE00	356.0	美股 上涨  就业数据稳健 缓和了对经济衰退的担忧 6月会议的关键数据流 苹果引领科技股大幅反弹
_FanICgNQUE	436.0	美股  美联储会议临近 市场低迷 摩根大通收购第一共和银行 大鱼吃小鱼 规模更强大 本周将成为关键时刻 美联储暂停还是继续收紧周三揭晓
vwx_68JlNKQ	3720.0	成功一半了 ！鲨鱼工作室公共视频，分析今天的美股走势，判断明天的美股走势。 短期技术指标分析，小时级别的预测分享。会员视频和俱乐部视频有更加深刻的分析和预判。包括个股的交流以及交易。
RX1_urRijtY	376.0	美股 小幅上涨 企业财报强于预期 经济数据显示通胀持续降温 美联储加息预期不变 美股本月震荡收高 美联储暂停预期升高 经济衰退迹象明显 末日博士鲁比尼警告 硬着陆 美银称标普在4200点以上卖出
WLsO2dgPV6A	353.0	美股 下跌 经济衰退 银行业恐慌再度来袭 消费者信心再创新低 业绩 数据 喜忧参半 美联储会议前的谨慎 下降的盈利 减弱的经济增长 鹰派的美联储和高估值 美股回调15%
NPhGcSzT480	437.0	美股 制造业低于预期 美债收益率下跌 债务上限戏剧上演 企业盈利和经济数据将照亮美联储的利率之路 GDP数据预计显示增长放缓 美联储首选的通胀指标PCE预计将显示价格增长放缓 掉期市场认为利率下月见顶
3hOA7KoiZ-I	3512.0	两个好消息 一个坏消息 鲨鱼工作室公共视频，分析今天的美股走势，判断明天的美股走势。 短期技术指标分析，小时级别的预测分享。会员视频和俱乐部视频有更加深刻的分析和预判。包括个股的交流以及交易。
kOTiB1-98Go	498.0	美股 涨跌不一 企业盈利好坏参半 美债收益率上升 美元上涨 4月综合采购经理指数上涨为5月以来的最高水平。 5月卖出 离场 不如 5月买入 今年最好买入机会 美国银行 4/21
mGIAY9EPQh0	462.0	美股 各大股指涨跌不一 财报季市场反应冷淡 市场对经济和金融新闻的反应相当温和 股市已经上涨   头寸保持谨慎 更多由盈利驱动的上行将延长痛苦交易 股市正处于”跷跷板交易”中
ThLRszWyujI	469.0	美股 小幅上涨 债券收益率攀升 经济衰退 企业盈利下降  通胀不会下降到美联储目标 悲观情绪上升 股市承压 纽约州制造业活动在4月份出现了五个月来的首次扩张 银行业绩好于预期 但当前季度业绩仍不明朗
5EtRVuhZlmM	3438.0	复杂结构的简单梳理 鲨鱼工作室公共视频，分析今天的美股走势，判断明天的美股走势。 短期技术指标分析，小时级别的预测分享。会员视频和俱乐部视频有更加深刻的分析和预判。包括个股的交流以及交易。
aBN3_12bUS0	994.0	美股 第一季度财报强劲开场 零售销售低于预期 美联储 经济疲软导致衰退 摩根士丹利再次警告 股市将下跌20%
5FB6jWffnE4	447.0	美股 美国国债收益率下跌 科技股引领 股市飙升 PPI 生产者价格通胀放缓 周初请失业金人数激增 汽油价格下降 通胀正在下降 但美联储加息的过程不一定已经结束 关注周五业绩报告 标普500本月窄幅震荡
D6jmZ9rdCcA	331.0	美股 领先经济指表恶化  熊市警告 美国经济正在走向一场将压垮股市的衰退 收益率曲线依然倒挂严重 衰退可能再美联储停止加息前到来 ISM 制造业 采购经理人指数连续第五个月下降 加息导致信贷过度紧缩
PAjhYcqXzX0	351.0	美股 著名经济学家批评 美联储 应对通胀政策失败 激进加息引发银行危机 信贷紧缩将引发全面经济危机
39GauQ_6k8I	477.0	美股 3月就业数据 喜忧参半 美联储犯重大错误风险加大 美股震荡持续 债券市场正在发出金融体系受损的警告 负收益率曲线应该是美联储停止任何进一步加息的迹象
tdHDGL65Leo	3719.0	四月份最大的调整或已经结束 鲨鱼工作室公共视频，分析今天的美股走势，判断明天的美股走势。 短期技术指标分析，小时级别的预测分享。会员视频和俱乐部视频有更加深刻的分析和预判。包括个股的交流以及交易。
m35koouHpJM	434.0	美股 市场依然动荡 科技股反弹 就业数据疲软 经济低迷担忧抬头 周五就业数据 影响美联储加息预期
3UfDVi658SA	523.0	空头加速 测试支撑 鲨鱼工作室公共视频，分析今天的美股走势，判断明天的美股走势。 短期技术指标分析，小时级别的预测分享。会员视频和俱乐部视频有更加深刻的分析和预判。包括个股的交流以及交易。
B0Vq7ExvvWU	573.0	股指延续震荡 何时结束调整 鲨鱼工作室公共视频，分析今天的美股走势，判断明天的美股走势。 短期技术指标分析，小时级别的预测分享。会员视频和俱乐部视频有更加深刻的分析和预判。包括个股的交流以及交易。
-OAv6nU3vgQ	431.0	美股全天震荡 有望走出超买的修复 鲨鱼工作室公共视频，分析今天的美股走势，判断明天的美股走势。 小时级别的预测分享。会员视频和俱乐部视频有更加深刻的分析和预判。包括个股的交流以及交易。
mW7R5wzPEco	715.0	美股 美国三大股指均上涨 通胀数据降温 个人核心消费下降 纳斯达克发布了2020年以来最好季度业绩 本季度跃升16.8%
268aFJ8pznY	3459.0	三月份收关的价值连城 鲨鱼工作室公共视频，分析今天的美股走势，判断明天的美股走势。 短期技术指标分析，小时级别的预测分享。会员视频和俱乐部视频有更加深刻的分析和预判。包括个股的交流以及交易。
hBC0E3cXffE	459.0	一次不成功的 冲高回落 鲨鱼工作室公共视频，分析今天的美股走势，判断明天的美股走势。 短期技术指标分析，小时级别的预测分享。会员视频和俱乐部视频有更加深刻的分析和预判。包括个股的交流以及交易。
lR79xIGaT_k	527.0	美股180度转身 鲨鱼工作室公共视频，分析今天的美股走势，判断明天的美股走势。 短期技术指标分析，小时级别的预测分享。会员视频和俱乐部视频有更加深刻的分析和预判。包括个股的交流以及交易。
tGA-aZMCH78	550.0	美股进入 醉汉漫步阶段 鲨鱼工作室公共视频，分析今天的美股走势，判断明天的美股走势。 短期技术指标分析，小时级别的预测分享。会员视频和俱乐部视频有更加深刻的分析和预判。包括个股的交流以及交易。
CSN9bQEnUV8	661.0	美股开启新模式窄幅震荡 冲高回落 分析今天的美股走势，判断明天的美股走势。 短期技术指标分析，小时级别的预测分享。会员视频和俱乐部视频有更加深刻的分析和预判。包括个股的交流以及交易。
WbK1S7ymHVo	3358.0	利空尽 底背离 鲨鱼工作室公共视频，分析今天的美股走势，判断明天的美股走势。 短期技术指标分析，小时级别的预测分享。会员视频和俱乐部视频有更加深刻的分析和预判。包括个股的交流以及交易。
H-InPqRtE_c	733.0	美股 市场分析 美联储 加息 风险将外溢全球 德意志银行 风险溢价上升 谁是下一个 美联储对虚幻通胀的痴迷可能会摧毁强劲的经济 美国第一季度商业投资疲软 资金大量涌进货币市场 这将带来更大麻烦
XeHrhs8YllU	596.0	美股冲高回落还是回踩完成 鲨鱼工作室公共视频，分析今天的美股走势，判断明天的美股走势。 短期技术指标分析，小时级别的预测分享。会员视频和俱乐部视频有更加深刻的分析和预判。包括个股的交流以及交易。
B_NT_RDUmGw	561.0	美股加息落地 冲高回落指明后期走势 分析今天的美股走势，判断明天的美股走势。 短期技术指标分析，小时级别的预测分享。会员视频和俱乐部视频有更加深刻的分析和预判。包括个股的交流以及交易。
i3HT6Hrlz4c	527.0	美联储这头猪 会撞死在树上吗？鲨鱼工作室公共视频，分析今天的美股走势，判断明天的美股走势。 短期技术指标分析，小时级别的预测分享。会员视频和俱乐部视频有更加深刻的分析和预判。包括个股的交流以及交易。
BxQ1FP594Do	505.0	美股全天震荡 消化银行危机 鲨鱼工作室公共视频，分析今天的美股走势，判断明天的美股走势。 短期技术指标分析，小时级别的预测分享。会员视频和俱乐部视频有更加深刻的分析和预判。包括个股的交流以及交易。
s3G945ofC9Y	3238.0	美股上涨对于散户的伤害。鲨鱼工作室公共视频，分析今天的美股走势，判断明天的美股走势。 短期技术指标分析，小时级别的预测分享。会员视频和俱乐部视频有更加深刻的分析和预判。包括个股的交流以及交易。
XksuxASLjc0	533.0	美股 下跌 银行限制交易 债券上涨 银行业的动荡将使全球经济陷入衰退 美联储 最后的机会 美联储加息25个基点的信心不足以解决问题 下周将是非常重要的一周 美联储加息25个基点还是不加息？
WLpxRLuEDgQ	576.0	美股全天暴涨拉升。鲨鱼工作室公共视频，分析今天的美股走势，判断明天的美股走势。 短期技术指标分析，小时级别的预测分享。会员视频和俱乐部视频有更加深刻的分析和预判。包括个股的交流以及交易。
kzfuz683-0A	555.0	美股低开高走 空袭结束？鲨鱼工作室公共视频，分析今天的美股走势，判断明天的美股走势。 短期技术指标分析，小时级别的预测分享。会员视频和俱乐部视频有更加深刻的分析和预判。包括个股的交流以及交易。
cfd_ftHF7lU	415.0	美股短多走势 鲨鱼工作室公共视频，分析今天的美股走势，判断明天的美股走势。 短期技术指标分析，小时级别的预测分享。会员视频和俱乐部视频有更加深刻的分析和预判。包括个股的交流以及交易。
0PspNk_Hroc	657.0	美股冲高回落 又危险了吗 鲨鱼工作室公共视频，分析今天的美股走势，判断明天的美股走势。 短期技术指标分析，小时级别的预测分享。会员视频和俱乐部视频有更加深刻的分析和预判。包括个股的交流以及交易。
VvhBAp-SGyw	907.0	美股 周五大跌，美联储过快加息引发了全球金融危机以来最大的银行倒闭事件，并在银行业引发冲击波 危及全球经济和金融稳定
aOhUZZ0nTtA	3714.0	三月美股的特点 鲨鱼工作室公共视频，分析今天的美股走势，判断明天的美股走势。 短期技术指标分析，小时级别的预测分享。会员视频和俱乐部视频有更加深刻的分析和预判。包括个股的交流以及交易。
9J8VMZx3I88	686.0	美股大跳水 会有大转变？鲨鱼工作室公共视频，分析今天的美股走势，判断明天的美股走势。 短期技术指标分析，小时级别的预测分享。会员视频和俱乐部视频有更加深刻的分析和预判。包括个股的交流以及交易。
hrHI1h_xa0U	668.0	美股有望结束震荡的几点观察。鲨鱼工作室公共视频，分析今天的美股走势，判断明天的美股走势。 短期技术指标分析，小时级别的预测分享。会员视频和俱乐部视频有更加深刻的分析和预判。包括个股的交流以及交易。
j3lUbPqtygg	653.0	美股单边杀跌 何时企稳？鲨鱼工作室公共视频，分析今天的美股走势，判断明天的美股走势。 短期技术指标分析，小时级别的预测分享。会员视频和俱乐部视频有更加深刻的分析和预判。包括个股的交流以及交易。
istF5ymauhU	608.0	美股冲高回落 再度转头吗？鲨鱼工作室公共视频，分析今天的美股走势，判断明天的美股走势。 短期技术指标分析，小时级别的预测分享。会员视频和俱乐部视频有更加深刻的分析和预判。包括个股的交流以及交易。
s12sp2SYb0E	3669.0	下周有望中阳线收场。鲨鱼工作室公共视频，分析今天的美股走势，判断明天的美股走势。 短期技术指标分析，小时级别的预测分享。会员视频和俱乐部视频有更加深刻的分析和预判。包括个股的交流以及交易。
sCjr-kXI8mM	708.0	美股 上涨 标普500 新牛市信号已确立 债券收益率回落 加息多少对股市影响将越来越小 股市热点逐渐浮出水面 不要做站在牛背上找牛的人
17H_L6sy6PA	617.0	多头防守反击 美股反弹可以持续吗鲨鱼工作室公共视频，分析今天的美股走势，判断明天的美股走势。 短期技术指标分析，小时级别的预测分享。会员视频和俱乐部视频有更加深刻的分析和预判。包括个股的交流以及交易。
rPFndeU96zQ	580.0	股指弱势震荡 明天有望探明低点 鲨鱼工作室公共视频，分析今天的美股走势，判断明天的美股走势。 短期技术指标分析，小时级别的预测分享。会员视频和俱乐部视频有更加深刻的分析和预判。包括个股的交流以及交易。
892vSJ6dD58	531.0	美股遇阻二次回落 开始下跌吗？鲨鱼工作室公共视频，分析今天的美股走势，判断明天的美股走势。 短期技术指标分析，小时级别的预测分享。会员视频和俱乐部视频有更加深刻的分析和预判。包括个股的交流以及交易。
-ZCCrEBS9Uk	615.0	跳口高开 是福是祸 明天美股怎么走 鲨鱼工作室公共视频，分析今天的美股走势，判断明天的美股走势。 短期技术指标分析，小时级别的预测分享。会员视频和俱乐部视频有更加深刻的分析和预判。个股的交流以及交易。
srP1FHpy-Sw	892.0	美股 市场回吐 涨势受阻 通胀数据升温 个人消费支出创新高 加息预期再升温 软着陆希望更渺茫 两年期美国国债收益率触及4.8% 全球股票基金净流出70亿 债券市场再升温
pPYe-2nQ9qQ	3372.0	中期结构的窗口打开。鲨鱼工作室公共视频，分析今天的美股走势，判断明天的美股走势。 短期技术指标分析，小时级别的预测分享。会员视频和俱乐部视频有更加深刻的分析和预判。包括个股的交流以及交易。
jEhISqBZ3_8	588.0	美股V型结构 明天看涨。鲨鱼工作室公共视频，分析今天的美股走势，判断明天的美股走势。 短期技术指标分析，小时级别的预测分享。会员视频和俱乐部视频有更加深刻的分析和预判。包括个股的交流以及交易。
jNNswM5pGUI	553.0	美股震荡探底，多头寻求进攻。鲨鱼工作室公共视频，分析今天的美股走势，判断明天的美股走势。 短期技术指标分析，小时级别的预测分享。会员视频和俱乐部视频有更加深刻的分析和预判。包括个股的交流以及交易。
GsiRX6aqoeM	583.0	美股雪崩式下跌 震荡将延续。鲨鱼工作室公共视频，分析今天的美股走势，判断明天的美股走势。 短期技术指标分析，小时级别的预测分享。会员视频和俱乐部视频有更加深刻的分析和预判。包括个股的交流以及交易。
xlIkTQYrxx0	485.0	美股 涨跌互现 通胀依然 劳动力市场强劲 美联储官员鹰派讲话 加息预期升温 股市依然强劲
RQd6AdUW1yw	3299.0	下周市场进入小阳春。鲨鱼工作室公共视频，分析今天的美股走势，判断明天的美股走势。 短期技术指标分析，小时级别的预测分享。会员视频和俱乐部视频有更加深刻的分析和预判。包括个股的交流以及交易。
AcWP49zzo0Q	491.0	美股震荡格局有望延续。鲨鱼工作室公共视频，分析今天的美股走势，判断明天的美股走势。 短期技术指标分析，小时级别的预测分享。会员视频和俱乐部视频有更加深刻的分析和预判。包括个股的交流以及交易。
RYW8jYa4Pc8	522.0	美股低开高走 新的拉升有望形成 鲨鱼工作室公共视频，分析今天的美股走势，判断明天的美股走势。 短期技术指标分析，小时级别的预测分享。会员视频和俱乐部视频有更加深刻的分析和预判。包括个股的交流以及交易。
YTNNuJRfEXE	478.0	股指继续上涨 明天攻击重要阻力。鲨鱼工作室公共视频，分析今天的美股走势，判断明天的美股走势。 短期技术指标分析，小时级别的预测分享。会员视频和俱乐部视频有更加深刻的分析和预判。包括个股的交流以及交易。
b2JJOrRU1nk	562.0	全天高走单边，明天市场还会继续！鲨鱼工作室公共视频，分析今天的美股走势，判断明天的美股走势。 短期技术指标分析，小时级别的预测分享。会员视频和俱乐部视频有更加深刻的分析和预判。包括个股的交流以及交易。
qQ8n_8YOkA0	3292.0	调整合适结束？鲨鱼工作室公共视频，分析今天的美股走势，判断明天的美股走势。 短期技术指标分析，小时级别的预测分享。会员视频和俱乐部视频有更加深刻的分析和预判。包括个股的交流以及交易。
99viXhSVb3E	494.0	美股单边下跌上涨行情没有结束。鲨鱼工作室公共视频，分析今天的美股走势，判断明天的美股走势。 短期技术指标分析，小时级别的预测分享。会员视频和俱乐部视频有更加深刻的分析和预判。包括个股的交流以及交易。
hFv__sgSInY	424.0	全天震荡，行情还会再度转头。鲨鱼工作室公共视频，分析今天的美股走势，判断明天的美股走势。 短期技术指标分析，小时级别的预测分享。会员视频和俱乐部视频有更加深刻的分析和预判。包括个股的交流以及交易。
MzmAnowH7ok	401.0	美股华丽转身 明天继续上涨 鲨鱼工作室公共视频，分析今天的美股走势，判断明天的美股走势。 短期技术指标分析，小时级别的预测分享。会员视频和俱乐部视频有更加深刻的分析和预判。包括个股的交流以及交易。
-SvdCy6oqMY	508.0	美股全天震荡，调整有望结束！鲨鱼工作室公共视频，分析今天的美股走势，判断明天的美股走势。 短期技术指标分析，小时级别的预测分享。会员视频和俱乐部视频有更加深刻的分析和预判。包括个股的交流以及交易。
U3vF-4nhdmE	2434.0	短期调整的预期分析 鲨鱼工作室公共视频，分析今天的美股走势，判断明天的美股走势。 短期技术指标分析，小时级别的预测分享。会员视频和俱乐部视频有更加深刻的分析和预判。包括个股的交流以及交易。
IZUX1QFODQk	439.0	美股跳空高开 全天高走 鲨鱼工作室公共视频，分析今天的美股走势，判断明天的美股走势。 短期技术指标分析，小时级别的预测分享。会员视频和俱乐部视频有更加深刻的分析和预判。包括个股的交流以及交易。
HFdxTDUzzIU	363.0	美股向上突破成功 之后将会如何运行？2.1美股走势猜猜猜 分析今天的美股走势 判断明天的美股走势 美股走势技术面判断 短期技术指标分析 小时级别的预测分享
1D8t7SwOoiY	347.0	美股高开高走 蓄势突破 1.31美股走势猜猜猜 分析今天的美股走势 判断明天的美股走势 美股走势技术面判断 短期技术指标分析 小时级别的预测分享
D9PgE5RxX0E	418.0	美股全天低开低走 上涨结束了吗？下跌要到哪里？1.30 美股走势猜猜猜 分析今天的美股走势 判断明天的美股走势 美股走势技术面判断 短期技术指标分析 小时级别的预测分享
YVx3HpQSNZE	3562.0	12000 之上的选股 结构和思路 美股走势猜猜猜 分析今天的美股走势 判断明天的美股走势 美股走势技术面判断 短期技术指标分析 小时级别的预测分享
HLbl9LqjDEg	398.0	美股高开高走 明天突破前高 1.26 美股走势猜猜猜 分析今天的美股走势 判断明天的美股走势 美股走势技术面判断 短期技术指标分析 小时级别的预测分享
3cVLPMINreA	451.0	美股触底反弹 短调结束了 多头继续上涨 1.25美股走势猜猜猜 分析今天的美股走势 判断明天的美股走势 美股走势技术面判断 短期技术指标分析 小时级别的预测分享
_IYmKPeHp24	346.0	美股弱势横盘 阻力加大 后市是涨是跌？美股走势猜猜猜 分析今天的美股走势 判断明天的美股走势 美股走势技术面判断 短期技术指标分析 小时级别的预测分享
VpfY3FpfVTk	476.0	美股全天高开高走 明天有调整的机会吗？1.23美股走势猜猜猜 分析今天的美股走势 判断明天的美股走势 美股走势技术面判断 短期技术指标分析 小时级别的预测分享
9ZnMYonbWvQ	3371.0	美股有望走出连续上涨的形态结构 1.20 美股走势猜猜猜 分析今天的美股走势 判断明天的美股走势 美股走势技术面判断 短期技术指标分析 小时级别的预测分享
cu5lJKX2QFk	414.0	美股全天弱势震荡 企稳了吗？明天怎么走？1.19 美股走势猜猜猜 分析今天的美股走势 判断明天的美股走势 美股走势技术面判断 短期技术指标分析 小时级别的预测分享
csMBYcL1GnU	464.0	美股冲高回落 股指还能跌到哪里 1月18日 美股走势猜猜猜 分析今天的美股走势 判断明天的美股走势 美股走势技术面判断 短期技术指标分析 小时级别的预测分享
JQGop902_VI	457.0	美股全天震荡 股指分化 明天会下跌吗？1.27 美股走势猜猜猜 分析今天的美股走势 判断明天的美股走势 美股走势技术面判断 短期技术指标分析 小时级别的预测分享
-Lqh8sQ7R0w	3352.0	下周还有惊天大阳线 美股走势猜猜猜 分析今天的美股走势 判断明天的美股走势 美股走势技术面判断 短期技术指标分析 小时级别的预测分享
Q2eRK47glqQ	562.0	美股惊天泣地的上涨 已经让空头 一头雾水 那么明天呢？美股走势猜猜猜 分析今天的美股走势 判断明天的美股走势 美股走势技术面判断 短期技术指标分析 小时级别的预测分享
GP2om1uzZbw	582.0	1月11日 美股走势 高开高走 明天继续向上 突破阻力区间 美股走势猜猜猜 分析今天的美股走势 判断明天的美股走势 美股走势技术面判断 短期技术指标分析 小时级别的预测分享
mZ4wrDqTwB8	258.0	美股回补缺口 震荡走强 明天还能继续吗？美股走势猜猜猜 分析今天的美股走势 判断明天的美股走势 美股走势技术面判断 短期技术指标分析 小时级别的预测分享
cIngfQi93BQ	328.0	美股走势冲高回落 明天继续下跌？1月9日 美股走势猜猜猜 分析今天的美股走势 判断明天的美股走势 美股走势技术面判断 短期技术指标分析 小时级别的预测分享
nyzbV_oGric	2706.0	多头的短期目标是什么？下周有望多头先行
sRs2kYouDuU	268.0	美股低开低走 明天还会继续下跌吗？美股走势猜猜猜 分析今天的美股走势 判断明天的美股走势 美股走势技术面判断 短期技术指标分析 小时级别的预测分享
wrJ8LUnewDE	281.0	美股强势震荡 盘中加息信息干扰 明天美股上涨 1.04 美股走势猜猜猜 分析今天的美股走势 判断明天的美股走势 美股走势技术面判断 短期技术指标分析 小时级别的预测分享
azWIjrA4mlw	299.0	2023第一天 美股全天震荡 明天调整结束 美股走势猜猜猜 分析今天的美股走势 判断明天的美股走势 美股走势技术面判断 短期技术指标分析 小时级别的预测分享
ets0C-pQpJU	3944.0	影响你一生财富的 投资结论 美股走势猜猜猜 分析今天的美股走势 判断明天的美股走势 美股走势技术面判断 短期技术指标分析 小时级别的预测分享
Zc0u_EFHVnc	346.0	12月29日 美股高开高走 技术金叉 信号频出 ！行情来了 ！美股走势猜猜猜 分析今天的美股走势 判断明天的美股走势 美股走势技术面判断 短期技术指标分析 小时级别的预测分享
T5qLDUwSqPA	321.0	12月28日 美股走势 下跌两天 明天会上涨吗？美股走势猜猜猜 分析今天的美股走势 判断明天的美股走势 美股走势技术面判断 短期技术指标分析 小时级别的预测分享
Xyw8OvDkdds	324.0	12月27日 低点测试 明天回起底吗？美股走势猜猜猜 分析今天的美股走势 判断明天的美股走势 美股走势技术面判断 短期技术指标分析 小时级别的预测分享
UJLd05l_Dlk	5776.0	感恩2022   美股走势猜猜猜 分析今天的美股走势 判断明天的美股走势 美股走势技术面判断 短期技术指标分析 小时级别的预测分享
XSuz5_s60p4	332.0	12月22日 低开杀跌 黑四 明天怎么走
IoZj9EJiwyM	273.0	12月21日 美股走势 高开高走
1xCNsnAd0Bs	280.0	美股走势 连跌转涨
6nmcyzfdTdw	252.0	12月19日 美股市场 连续下跌
M_tXhSqCMi0	3330.0	美股再现最后一跌
HCV4DAbI9YA	283.0	12月15日 美股走势 跳空下杀
oA32V5rp2Gg	285.0	12月14日 美股市场 盘中跳水
sw-1Gl_V-EU	297.0	12月13日 美股冲高回落
lXcXgGbhZlk	279.0	美股小强12月12日
qgDqhf__aSw	3268.0	下周多头冲锋号
9Yq83AgqkSM	822.0	美股 市场分析 美股在美联储下次会议前维持震荡 在彻底摆脱熊市前的再一次大幅波动不应感到意外 这就是市场  一切因绝望而从新开始 12/08
4pZDciYn6wA	3430.0	多头重要指示
dl9Yzdjt5sM	982.0	美股 美国个人消费支出(PCE)价格指数不及预期 美国11月制造业活动两年半来首次萎缩证明美联储升息令经济降温 12/01
wRW0lxRiy_A	1109.0	美股 市场分析 时机决定一切 股票市场是前瞻性的贴现机制 股市会在转向前触底上涨 美联储转向时机你得猜 美联储货币政策的最佳指标是参考联邦基金利率是银行隔夜拆借给其他银行的利率 11/29
VYWgsnguyHA	3875.0	美股易涨难跌
mSkMZ0llygw	787.0	美股 市场分析美股周一下跌 中国新冠肺炎管控严格引发投资者担忧 石油输出国组织 欧佩克加决定增产 周三美联储会议纪要 加息或已接近终点 经济软着陆成为大概率 铁路工人或将罢工 迪士尼换帅大涨 1121
KHBopzIQ3GY	2985.0	下周美股有乾坤
CkDhr5--le8	788.0	美股 市场分析 美国零售销售数据好于预期 美联储官员讲话放鹰 Target 业绩下滑 Low's 预期良好 地缘政治紧张 横盘消化超买指标 1116
a7jM6AN6VDs	917.0	美股 市场分析 美联储周一向市场传达的信息是:不要忘记我们! 破坏在加密货币中继续蔓延 波及股市FTX 萨姆·班克曼·弗里德成为美国检察官的目标 1114
rGyeI0lmpbc	3851.0	三打行情 正式开始
GglDS_zENTk	730.0	美股 市场 分析 美国中期选举未果 财报令人失望  加密货币再遭抛售 CPI数据尚未出炉 极度打压市场人气 明年预期 通货膨胀 利率 货币政策 经济和收益的走势将继续对市场产生最大的影响1109
mC_mxidKHU0	901.0	股票 美股分析  股市上涨  对中期选举的期待战胜了坏消息 美联储下一步要做什么 关注经济而不是关注美联储说了什么 本周中期选举的结果 经济数据都将出炉 11/07
EhM7DDO_H3k	954.0	股票 美股分析 强劲就业报告公布后 股市上涨 但随后回吐涨幅 尾盘又上涨 美联储带来的混乱 波士顿联储不排除再升息75个基点 里士满可能将利率提高到5%  芝加哥美联储有可能"考虑"暂停购债11/04
2GJusJazkR8	3344.0	下周开始涨
mMfCBipF1qE	845.0	股票 美股分析 美联储加息75个基点 股市大跌 美联储会议决议的加息幅度或许高于预期 令科技股承压 美联储承认将放缓 但同时表示不会转向 1102
eZ8a-DesIQQ	515.0	股票 美股分析 议息会议 就业报告是本周焦点 国债收益率走高 科技股暴跌 10年期和3个月期国债收益率曲线反转等金融指标"均支持美联储尽早转向 美国总统拜登喊话石油公司 能源股大跌 10/31
S3tkovLcNnc	951.0	股票 美股分析 一些最大的科技公司公布令人失望的财务业绩美股却上涨 全因美元从关键位开始回落 美国经济第三季恢复增长 数据显示 即便是经通胀调整后消费支出再次攀升 美联储加息预期降温 10/28
IeIXHAemZlg	3308.0	十月收官 九月份做实洗盘
TK97BE5XUmo	569.0	美股 美股周三下跌 最新数据企业业绩令人失望 美国商品贸易逆差扩大后国债收益率上升 9月份新屋销售下降  伊朗核谈判在短期内不会取得进展抑制了下午的市场情绪 一个关键的市场指标显示经济衰退 10/26
KLv-i5Yb_-s	473.0	美股 伴随着债券的周期性上涨 周一美股上涨 市场预期美联储将更加温和 前财政大臣苏纳克接替特拉斯成为下一任首相 英国债收益率出现了下降 1024
6IpIGLCIuHo	3627.0	打破共识的一个低点
tq-INR-QxO0	884.0	美股 美股周四下跌 通胀数据高于预期 美联储官员鹰派言论标普500掉头向下 美联储表明立场 通胀数据没有下降 短期内就不会出现转向 美股反弹期望不能过高 英国首相辞职 特斯拉增长不仅预期10/20
o3ICmbDpasQ	960.0	股票 美股分析  美股财报强劲提高人气  如要反弹持续 我们需要看到更多的盈利数据 更多能够压低通胀的数据才能推动反弹 评级机构惠誉下调了美国今明两年的经济成长预估 10/18
nq_6f6JUKoU	3567.0	美股准备迎接 熊市周期
7dM28Fk-7vM	824.0	美股 面对辣眼CPI 美股表演盘中大逆转 这是为哪般 交易员运动太多消化了预期  美联储后续升息预期又加大  财报季到来 美股后市继续波动 技术性反弹性质更大 10/13
BLNDyugB4-o	667.0	美股 英国国债市场动荡 PPI数据超预期 显示通胀压力大 美联储会议纪要显示 美联储预计将继续加息 并将利率维持在高位 一条评论乐观 如果金融市场出现更多动荡 美联储可能会放缓其紧缩行动 10/12
xBwlx6OfnSs	654.0	美股 美股周二宽幅震荡 投资者等待CPI数据 市场担心美联储在加息方面可能还需要采取多大力度 以及加息对经济的潜在影响 10/11
H85A14sOqKA	752.0	美股 美国就业报告强劲 股市下跌  投资者担心美联储将不得不继续迅速加息 以遏制通胀 又担心美联储的加息不仅会让经济降温 还会把美国推入衰退 10/07
EJZnPvDhYWs	3498.0	十月份美股从新开始
738fVt0Jk1k	792.0	美股 投资者焦急等待周五就业报告 美联储官员鹰派讲话令市场承压 油价反弹 美国国债收益率上升等因素不利于股市 10/06
rAd1ewJSXes	781.0	美股 美国股市周二大涨 标准普尔500 两年来最大的两日涨幅 债券收益率继续下跌 短期内受通胀预期和政策利率的驱动 市场可能会继续波动 10/04
WsQPjbbrkn8	4022.0	五郎探母
c50m2efKqSA	664.0	美股 初请失业金报告强于预期 对经济衰退担忧减弱但却打压了市场人气 基准10年期美国国债收益率攀升 美国77%的都会区房价暴跌 转折终于发生了9/29
ohvKGkzMTW8	605.0	美股  反弹 英国央行干预 将暂时购买英国长期政府债券 以稳定不断下跌的英镑 英镑反弹 英国公债收益率下滑 美国国债收益率也下降 美股上涨 美联储 9/28
3I34gz5BtEc	717.0	美股 波动继续笼罩全球金融市场 强劲的经济报告往往会令市场承压 标普500盘中跌破6月低点消费者信心指数超预期意味着更大加息的可能性  市场情绪依然低迷 9/27
9az7c28d4Mg	1138.0	美股 美股震荡测试6月低点 石油走高 英镑暴跌 华尔街的恐慌指数（VIX）达到6月份以来的最高水平 9/26
v5RufdRUzYc	4641.0	短期市场目标
ePqEHPHL3WE	694.0	美股 周四下跌 科技股面临压力 持续的高通胀和各国央行收紧金融环境的举措打压了股市   国债收益率继续上升 随着利率走高 股票市场的市盈率会降低9 /22
4J7wQmc07UM	867.0	美股 美国股市周二收跌 10年期公债走高可能是周二股市动荡的原因之一 投资者已经消化了明天75个基点的加息 但还是担心 新闻发布会上的措辞可能仍然非常强硬 一些公司的业绩已经显示经济的衰退9/20
cddbrS8kxfA	3419.0	下周美股收复失地
-uN5jz_F0A8	813.0	美股 周四市场反弹受挫 公布的的经济报告无助于提振投资者信心 初请失业金人数好于预期 但进口价格降幅小于预期 零售额超出预期 但如果不包括汽车，则为负值 制造业数据也显示经济放缓 美联储两难9/15
FNu9acejpLM	732.0	美股 预计通胀数据降温 汽油价格连续90天下跌 美股连续4天上涨 美元从近期高点进一步回落 有助于反弹持续 比特币进一步走强 912
sgxWEGn_koA	3498.0	九月份开门只涨
OW8Hr0O4tNk	701.0	美股 美联储 升息预期提高了实际收益率 实际收益率上升是金融环境收紧的最清晰表现之一 也是依赖流动性过剩的投机资产面临的核心阻力 09/08
DHKdP3ErQDE	812.0	美股 美国股市从接近超卖的水平回吐跌幅 公债收益率飙升 10年期国债收益率超过3.3% 美元现货指数再创新高 美国服务业以四个月来最快速度扩张 强化了市场对美联储仍将采取激进政策的押注 09/06
k53VOtogrTc	2631.0	九月份只涨不跌
N8NAMjtiT9A	786.0	美股 数据强劲 美联储加息空间加大 股市债市双双抛售 国债收益率攀升 美元汇率再创20年新高 油价连续第三天下跌  周四数据显示上周初请失业金人数降至两个月来最低 8月份制造业经济活动增加 09/01
1LPBz9JGV9c	687.0	美股 美国股市周二走低 美国国债收益率上升 散户连续第二周净抛售股票 欧佩克+不会减产 原油价格暴跌 WTI原油价格创下七周以来的最大跌幅 市场对美联储持续收紧货币政策的担忧加剧 830
FqkAxJDBgXs	3242.0	又到市场不留人的时候了
CwUZ3D02WqQ	668.0	美股  股市继续上涨 估值再次开始偏高 投资者可能要保持警惕 投资者购买了71亿美元的股票，其中美国成长型股票录得去年12月以来最大单周资金流入 盘整是为了更好的上涨  美联储 0817
Y0XHpao1IW0	765.0	美股 美股周二震荡 制造业和服务业活动 新房销售数据令人失望 国债收益率下滑 美元今日走软 减产造成原油上涨 美国天然气达到了14年最高水平 VIX“恐惧指标”飙升 全球增长事故现场一团糟 8/23
4Hf3y4eysvg	2710.0	美股调整开始或是已经结束
PXmoGwROLnk	701.0	美股 美国股市下跌 国债收益率上升  美联储部分官员暗示央行可能会保持快速加息 焦点回到美联储 未来一段时间内 经济表现可能会受到高通胀、实际GDP增长放缓和货币政策迅速收紧的影响 8/19
Jq2ao_pIsNg	509.0	美股 美股市场分析 家得宝，沃尔玛(Walmart) 塔吉特(Target)等将公布业绩 零售销售数据本周公布 通胀降温 消费者价格指数持平 生产者价格指数意外下降 进口价格跌幅超过预期 0815
PqUSjK0Evrw	1512.0	美股行情 真真假假 错失大底怎么办？
6OPiBDDs41k	558.0	美股 美股如期上涨 所有数据好于预期 股票翻几番 还有什么好说的 收益放袋中 下周见....0812
FjL-ef3XBiY	2014.0	上涨行情 NO MERCY
XIC0mQfZGA0	738.0	美股 7月CPI 通货膨胀率 低于预期 鼓舞人心 降低了加息预期 美国国债下滑 美元指数下跌 苹果公司、Alphabet公司和亚马逊公司股价上涨 特斯拉公司股价上涨 0810
abBu3nfBAkM	859.0	美股 美国经济到底怎么了？经济衰退 就业数据却异常强劲 美联储大幅加息会不会用力过猛 导致严重衰退？周三通胀数据是 美股继续上涨或下跌的关键 这是动荡还是机遇？你抓住了哪一个？08/08
bhw9cuZWolA	2330.0	上涨怎么涨 涨到哪里
SmlB0UrNLMk	408.0	美股 更可持续的就业增长速度是美联储游戏计划的一部分 美联储希望在不彻底颠覆劳动力市场或引发衰退的情况下遏制高通胀  别担心 一切皆可控 0805
CpOG92T19Hg	732.0	美股 全线上扬 纳斯达克科技股领涨  7月份ISM服务业指数创三个月新高 债券收益率上升 这一数据，加上 美联储 官员一连串言论 扭转了上周收益率下滑的局面 OPEC+同意增产 石油价格下跌 8/03
zRlLcob3-_k	1785.0	右侧信号
o5xOqSUhHaA	1092.0	美股 反弹能否持续 市场可能需要测试上周的大幅反弹 不管怎样 把握住机会 增长放缓但未进入衰退 大宗商品未计入此情况 通货膨胀  熊市与道氏理论 1977非官方定义熊市 市场修正
CZgCTwAT3LI	3389.0	七月收官 美股大涨
O_M4Lg9d3Xs	947.0	美股 苹果亚马逊双双超出预期  业绩强化了即使在高通胀和经济放缓的情况下 许多公司仍然能够达到或超过预期 挑战了未来可能衰退的可能性 随着通胀降温的迹象出现 美联储预计将放慢加息步伐 729
Qfv0U2XWykI	1439.0	美股 美联储如市场预期加息75个基点 市场如预期上涨 后市如何 通货膨胀 货币政策 经济衰退 大通胀 高科技企业前景 强势美元的伤害 这都是问题吗？Meta收入预期低迷 收购被联邦贸易委员会阻止
-CMd1OlyK0A	950.0	美股 市场分析 美股周一震荡 美联储决策迫在眉睫 通胀正在降温 推低债券收益率 业绩发布季仍在继续7/25
bx2DI7NNo_0	3414.0	同样的暴跌还会发生在下周吗？
NOmj4Ys-FCY	753.0	美股 市场分析  下周的美联储会议 以及即将公布的国内生产总值(gdp)数据 给市场注入了更多波动 美股百年熊市之金熊  股市崩盘级下跌 石油危机 水门事件 美联储收紧货币政策 利率上升 失业率大增
GLW1F981neU	902.0	美股 受财报季的影响股市近几日出现震荡  10年期美国国债收益率的波动性较小 通胀预期已经下降 到目前为止 财报季的表现好于预期 低于预期的公司也受到提振  美联储最大隐患与担忧 内生性通胀 7/20
gLYVKGi21CE	867.0	美股 市场分析 美股由涨转跌 企业业绩报告好坏不一 引发市场波动加剧 投资者正试图在黯淡的经济前景与相对乐观的盈利预期之间找到平衡 7月美国房屋建筑商信心指数下降12点至55 大宗商品反弹 债券上升
SX-Yazs2_VQ	4363.0	越涨越买入
IB9eZGUVePc	1009.0	美股 周五反弹 美国零售销售数据6月上升1% 投资者对企业财报和经济指标做出了回应  7月份消费者信心指数初值从6月的50.0升至51.1 10年期美国国债收益率降至2.912% 美股百年熊市之双底熊
XtfovL6xekE	1202.0	美股 6月通胀数据高于预期 CPI定价交易员预计7月8月和9月CPI还将出现三个8%以上的数据 分别为8.6%、8.3%和8.2% 导致更多金融市场的波动 投资者需要适应横盘(或下跌)新常态07/13
eIXJXdG13os	1201.0	美股 市场分析 本周将正式拉开财报季的序幕 市场担心通胀飙升影响下企业获利下滑 美股下跌 上周五的就业报告强于预期，显示就业市场依然火热，提高了美联储继续大幅升息并可能导致经济衰退的可能性07/11
fkigeflwVo0	4118.0	投资密码 回报率
vBy4D-YV4nc	819.0	美股 周五数据显示 非农就业表现强劲 对市场既是好消息也是坏消息 好消息是美联储可以按计划加息 美股百年熊市系列EP1 1966年熊市的具体走势 下跌点位 经历时间影响因素 了解历史才能清晰 0708
v-DGEQXc-mA	395.0	美股 市场分析 美联储6月最新会议纪要显示 美联储可以通过相当适度的紧缩来遏制通胀 市场正在消化一种非常良性的情况 因对全球经济衰退的担忧促使投资者在能源板块获利了解 原油价格和经济敏感资产价格大跌
Kn9J-G5nBZE	754.0	美股 市场分析 美联储恐无法按原计划加息 对经济衰退的担忧主导了市场 数据显示，5月美国制成品新订单增幅超过预期 显示尽管美联储试图为经济降温 但对产品的需求依然强劲 本周更多经济数据出炉 07/05
vAJCnYyZkMw	4044.0	经济衰退 技术熊 投资美股 赚大钱
R1gb9hmOTf8	545.0	美股 市场分析 美国经济衰退迹象明显 就业市场 房地产市场 降温 美股走势企稳 07/01
_6diQuRWlOA	754.0	美股 通胀担忧 经济衰退预期 市场两大关注点 投资者心态悲观 加息预期维持 GDP下降 鲍威尔欧洲论坛讲话暗示 未来将有一场艰难的通胀之战 他说“美国经济处于有利地位，能够承受紧缩的货币政策 6/29
KOvSV1fvg-U	870.0	美股 市场分析 成长股拖累 涨势失去动力 油价反弹提振能源类股 周一数据显示 5月美国制造资本财新订单和发货量稳健增长 第二季企业设备支出持续强劲 6月或已触底 6/27
oluVpuv815g	917.0	美股 市场分析 美股上涨 PMI 跌至五个月低点 消费者信心指数降至历史最低水平 经济疲软明显 降低了加息预期 624
Hn7vvGLQG14	3849.0	小涨变大涨 6月份收官预期
eqhNLD4yySY	839.0	美股 市场分析 美股震荡 美联储决心打击通胀 滞涨风险加大 如更大美股抛售出现 恐引发多米诺骨牌效应 美元走弱 国债收益率小幅下滑 6/22
ciq7S2LUqTA	4011.0	美股不会死在绝望的田野中
E9MWAHxhUU4	330.0	美股 市场分析 预计美联储目标利率将上调0.75个百分点 如果央行发布的消息不逊于预期，股市可能会出现止跌回升  如果宣布更强硬的未来加息 可能引发更多抛售 债券收益率平稳 06/15
ccBZUSNMHxM	807.0	美股 市场分析 美债升 美元强 美股大血崩 鲍威尔在高通胀和经济衰退的十字路口 艰难抉择 可惜没有第三个选项 市场的最后一道堡垒将被打破 下期分享 6/13
BcJw55_j3cY	770.0	美股 市场分析 CPI数据再创40年新高 美联储 只有加息一个工具 美元继续升值 美国收割全球韭菜 希望这次不是搬起石头砸了自己的脚 高通胀解决不了，除非......美国玩的是一场危险游戏 06/10
0dUWMsw37H4	3216.0	美股进入死循环 6月份不应悲观
ZHJmFPeJfZE	1032.0	美股 市场分析 美股交投清淡 交易量继续萎缩 最新通胀数据周五公布 美股横盘整理 世行下调全球经济预期 悲观情绪弥漫整个股市 原油突破120美元/桶 06/08
s7UtbfvMr48	1246.0	美股 高开低走 10年期国债收益率突破3% 市场等待最新通胀数据 交投清淡 亚马逊拆分 特斯拉又不裁员了 马斯克出尔反尔 是为何？ 短暂反弹还是买入机会 争论不休 市场乱象 谣言满天飞 06/06
aSaFt8r5msY	3299.0	做好准备下周起飞
8_N-RcLBk48	729.0	美股 市场分析 美股下跌 4月份的职位空缺仍接近历史最高水平 欧盟(eu)限制俄罗斯石油的新计划会导致油价大幅上涨 最新的通胀数据显示，物价上涨速度已经放缓 06/01
6KsHYqRE1kQ	3770.0	多头子弹可以飞多远飞多久
VnhyV1OqL4c	996.0	美股 市场分析 通货膨胀降温 债券市场平静 房市出现拐点 美股上涨 数据显示 美国家庭支出连续第四个月增加 都是好消息 美国人的行为以及他们对经济的看法出现了分歧 凸显了目前经济的不确定性05/27
c-hfp3hYQjQ	657.0	美股 美联储会议纪要报告公布 美国公债收益率波动 股市上涨 美元回吐涨幅 市场继续显示 交易商预计未来两次会议将加息100个基点 其8.9万亿美元资产负债表开始收缩（主要内容见视频描述栏）05/25
jkkuYmwGq7c	757.0	美股 美股上涨 金融股领涨 标普500指数摆脱了熊市10年期国债收益率上升 从商业周期看 市场也有触底迹象 股市的风险偏好正在回升 期权交易商非常担心抛售尚未结束 期权市场的一个关键信号 05/23
H7ZH0IJkEyw	3241.0	美股五月落底！
PF-9EeRn_Rg	658.0	美股 市场分析 标普正式跌入熊市 随着投降性恐慌盘出现 熊市反弹正在酝酿...... bear market 通货膨胀 inflation 5/20
c3NWbMdDaoQ	722.0	美股 市场分析 美国零售商收益报告 震惊🤯投资者 脆弱反弹失败告终 抛售远未达到“投降”水平 “牛市”结束时 教训是痛苦的 美联储将错就错 继续加息 无视金融事故 经济衰退 05/18
i9_Ktx5rUAI	747.0	美股 市场分析 中国经济数据疲软加剧了人们对全球经济衰退的担忧 鲍威尔将于周二讲话  标准普尔500指数正处在一个十字路口 05/16
OM1N6uQz2Qc	4913.0	空头大宝剑行情结束
8cR9HGNEb-c	808.0	美股 市场分析 美股大幅反弹 你却不敢相信 这是为什么 国债已见顶 在泡沫开始时做空股市很少会获利——市场往往在泡沫开始后很长一段时间内仍处于强劲反弹状态。对鲍威尔发言不同于其他人士解读 05/13
O50r33FvFfM	577.0	美股 市场分析 市场走势不妙 数据高于预期  大多数商品的通胀仍居高不下 突显价格压力的持久性和广度 这一数据不会改变美联储的政策路线，延长了未来出现更多市场波动的窗口期因为通胀形势仍不明朗5/11
wwA3ELbNjQo	995.0	美股 如果熊市预测模型是正确的，那么美国股市触底还有很长的路要走。如果标准普尔500指数跌至3200点，不要感到惊讶 ，这不是一种预测，而是基于历史趋势和技术分析的有根据的猜测，哈哈。05/09
HYQW6eKXaCg	3259.0	多空谁在末路狂奔
jSeFCVcbwic	427.0	大跳 的盘中有感
zHOuNOynra4	702.0	美股 市场分析  美股变盘来临 纳斯达克盘中逆转代表什么 不破不立？你选择空军 还是多头 基准的10年期美国国债收益率周一短暂触及3% 目前艰难的股市对长期投资者来说很有吸引力 05/02
625ZU0RJ75s	3489.0	四月收官 宣告牛市结束！
RiA5cxcItfQ	1077.0	美股 市场分析 科技巨头集体不行 美国第一季度负增长 债券市场似乎相对平静 我就想问 美股 你还行吗？那一线希望 是否能成为一丝曙光 成为爆发点  4/29
Vx3wnEJpSSo	1019.0	美股 市场分析 风险堆积 还是需要横盘整理 收益未能支持股市 美元指数升至95.11 我们还期待什么 4/27
c8LNa3JRa8Q	845.0	盘中有感 4/26
lLFuoMDZbUw	525.0	美股 美股市场分析 美国国债收益率下降 科技股反弹 大科技公司财报频繁 美股能否迎来转机 4/25
LYQujsWepp4	3338.0	多头唯有狂拉 才是出路！
6zh_BprawEw	982.0	美股 美股市场分析 4月美股最糟一天 鲍威尔打击市场人气 美股戏剧系逆转 经济衰退预期加剧 看跌预期飙升 美股还行吗？04/22
-objsC_BCts	568.0	美股 美股市场分析 流媒体巨头Netflix 股价大幅下跌，拖累纳指 10年期国债周三回落 看涨情绪跌至30年新低 市场缺乏业绩指引 04/20
f1Dor-jSm2M	1024.0	美股 美股市场分析 随着债券收益率走高 40年牛市或将终结 就业市场依然强劲，但处于40年高位的通胀令消费者情绪低落 本周将是关键一周 美国经济衰退指标还没有亮红灯 0418
6SZiu40Vc44	3001.0	下周多空继续争夺
sV67zBJvr3A	769.0	美股 美股市场分析 企业财报季积极的拉开帷幕 可能提振市场 市场的焦点现在正转向收益 生产者价格数据出炉  核心PPI通胀现在可能已经见顶，达到9.2% 10年期股债收益率走低 04/13
DyTPhOKzuCs	717.0	美股 美股市场分析 10年期美国基准利率达到三年高点，担忧开始减缓经济增长 本周第一季度财报季将迎来高潮 大型银行和航空公司将公布财报 石油现货市场数周来一直在走软 04/11
1fGErBc9A50	3121.0	四月份 第一次给了右侧的信号
WgtRpIe2smQ	922.0	美股 美股市场分析 投资者对美联储收紧政策担忧 股市本周走低 消化政策预期 债券收益率的迅速上升市场现在正在等待下一个数据点 04/08
fgG1D1FCCc4	3197.0	三月份收官 启示录！
7aN5lSJ0HdI	751.0	美股 市场分析 华尔街在乐观的气氛中开始了第二季度 失业率下降 就业报告 就业强劲 油价和天然气价格走高 美联储加息周期的开始、持续高企的通胀以及乌克兰战争的持续，依然是影响股市表现的因素 04/01
YmaUvXZl4Us	976.0	美股 市场分析 俄乌谈判进展缓慢 油价飙升 季度报告不理想 收益率曲线反转引发经济衰退担忧 股市将下跌 这些都是真的嘛？反弹警报何时解除？ 03/30
0B2cd9nwPIs	746.0	美股 美股市场分析 周一股市将继续上涨 上涨趋势不变 原油期货下跌 俄乌战争谈判进展  本周有重要经济数据将发布 03/28
rG4OiUT3g8o	3121.0	震荡加大 你必须注意的地方
jvvRmXfXXCo	662.0	美股 美股市场分析 美股无视战争持续 无视美联储强硬立场 连涨两周 有其背后的深层原因 目前股市依然是投资者的唯一选择 抓住难得的机会 会员视频将从数据 模型更深入的分析 03/25
jS9WCeMQNKY	456.0	美股 美股市场分析 油价上涨，加剧对通货膨胀的担忧 俄乌冲突似乎进入了僵局 美联储强硬言论  市场仍在努力寻找立足点 很难判断利率上升将如何影响通胀、经济和利润增长 还有一场抑制油价的战争03/23
xnu48E615go	572.0	美股 美股市场分析 鲍威尔说 如果需要的话，中央银行准备以0.5个百分点的速度提高利率——高到足以故意减缓经济增长 你如何解读 市场又将如何解读 股市最糟糕的调整是否已经过去？ 03/21
YJhj8Pg41a0	3426.0	我说买 你就买 赚了！！！
DqbeKOOJnKk	879.0	美股还能涨到哪里? Andy 告诉你！
Iz8B24bIzIA	771.0	美股 美股市场分析 全网独家 美股未来走势线路图 美股强力反弹第一目标位 4400 4800 时间窗口 5月 03/16
fs3kxrgcR-o	920.0	美股 美股市场分析 美股动荡驱动因素 俄乌战争 美联储货币政策 原油期货 黄金期货回落 真正底部出现之前 都是短线操作机会 铭记 不要盲目抄底 不管你爱不爱听 散户抄到的往往不是真正的底部 03/14
_YFPCpD64Fo	3234.0	喜迎下周大抉择
Jd8tyIhEW3Y	919.0	美股 市场 分析 紧盯普京 市场随时反弹 或重新定价 下周看看鲍威尔如何走出困境 给美国致命一击 还是拯救于水火  10年期美国国债收益率2.004% 欧佩克有望增加石油产量 03/11
ykmwI7wIHhQ	871.0	美股 市场分析 美股大幅反弹 市场混乱 买入更需要鉴别力 逢低买入 稳定预期 投资者应利用这一机会，更专注于选择个股 为上涨做准备 同时为未来全球经济表现更加分散的局面做准备 03/09
R8ySpAnNCKE	958.0	美股 美股市场分析 俄乌战争继续 能源价格飙升 推高通胀 经济放缓担忧 充斥市场 滞涨担忧加剧 市场超卖 03/07
7MqVqW5Zb7g	3625.0	冲高回落 是喜是忧
JAPtDG_0KrY	1105.0	美股 美股市场分析 俄乌战争再升级 最新就业数据强劲 加息预期再升级 市场陷入极度恐慌 03/04
TOFgxvimwR8	481.0	美股 美肤市场分析 乌克兰战争升温 美联储主席 鲍威尔明确加息预期 企业面好消息频出 制造业采购经理人数据好于预期 经济增长稳健 数据良好 战略原油储备释放 油价继续飙升03/02
V7g21AEXkHY	849.0	美股 美股市场分析 美国和欧盟冻结了“普京的战争资金” 对俄罗斯实施了全面的新惩罚措施，削弱俄罗斯的经济  俄罗斯入侵乌克兰升级成了与克里姆林宫的金融战争 美联储 鲍威尔本周二次讲话 02/28
WQZptcO7nF4	3191.0	美股3月份走势结构预期
vhqYlYE5uro	530.0	美股 美股市场分析 美股市场继续反弹 你学到了什么 乌克兰危机虽未完全解除 新的担忧又将开始 02/25
HqEA1n1Ezlc	903.0	美股 美股市场分析 乌克兰危机升级 波动率指数大幅上升 美股大幅下挫 未来走势如何 给你方向 02/23
rGraO00CgaI	1118.0	美股 美股市场深度分析 美联储会议将近 加息预期不断变化 乌克兰局势紧张升级 油价上涨 市场走势判断 难度加大 拜登决定股市开局 02/21
pIu858enuMA	3750.0	美股下周进入变盘周期
GjlFgeIGzuc	869.0	美股 美股市场分析 美股还会暴跌吗？透过本质看真相 俄罗斯和乌克兰紧张局势升级 俄乌真会开战吗？市场往往对地缘政治事件反应过度 周五原油价格下跌了 天然气期货也下跌了 意味什么 02/18
VMKlShLhQzY	1014.0	美股 美股市场分析 木头姐的方舟正在走向触礁 未来三周情况或会更糟  通胀数据新高 加息预期加大 俄乌地缘政治危机导致近期股市一直大幅波动 货币政策收紧的预期使得未来的路更加艰难 2/16
Uwigx4hUYEE	869.0	美股 美股市场分析 俄乌 地缘政治危机 加剧  欧洲股市早盘遭重创 全面通俗解读俄乌危机 国债收益率又飙高 全面通俗解读 美联储闭门会议 要提前加息？02/14
HoCDN6tOg64	3484.0	市场加速破位吗？市场就怕什么？
C6HRDQHW5bw	296.0	美股 美股市场分析 美股高度震荡 万里长征新征程 唯有耐心等待 才能苦尽甘来 短视者 必将遭到淘汰 大浪淘沙 淘的就是短视的投资者...02/11
7kdeNY5ikYM	561.0	美股 美股市场分析 10年期国债收益率继续回落 投资者继续买入 科技股继续反弹 美股再踏征途 02/09
7Pd9W8lH5Lg	1319.0	美股 美股市场分析 美股市场继续震荡 本周密集财报 重点通胀数据将公布 能否继续推动股市走高 加息预期能否在影响市场 02/07
PKZUVarZ_e8	3718.0	聊聊底部结构
YCEJD9dtNc8	961.0	美股 美股市场分析 收益报告强劲 美股连续第四天上涨 你后悔吗？你害怕吗？市场就是市场 只能说你不懂 02/02
BxQqwGeRNjQ	616.0	美股 美股市场分析 美股报复性反弹 科技股领涨  特斯拉评级上调 电动汽车板块反弹 调整时买入机会 再跌10%也不该恐慌 关注受益报告以数据更新 01/31
xeDQZkgyoYk	3503.0	多空进入伸展区间
DLYSFHRScZM	759.0	美股 美股市场分析 美联储 货币政策 涨 跌 全看散户表现 不服整你 服了饶你 01/28
5q7md7hwIK8	842.0	美股 美股市场分析 美联储会议 市场的大地雷 通胀高涨 企业财报 地缘政治 俄罗斯入侵乌克兰 美国说“不” 你猜 是不可以 还是不管？ 01/26
WRV1dbyEupQ	1616.0	美股 美股市场分析 美股这是为哪般 早上低开 尾盘拉起 美联储会议在即 会是更强硬 还是符合预期 你猜 两个希望 两个好消息 我给你拨开迷雾 01/24
7d46zyFULmc	4002.0	空头陷阱 PK 加速下跌 你怕嘛？
2QMWPfLxLLc	1171.0	美股 美股市场分析 各大股指继续下跌 美股还行吗 下一次回调 什么时候来 01/21
AXnjDrB-fCs	1131.0	美股 美股市场分析 美股回调修正远未结束 三个主要原因以及如何判断何时结束  美国十年期国债收益率继续飙升 01/19
KixuL_Yi3zQ	3875.0	行情可以从下周开始
xyVcBZN4NaA	632.0	美股 美股市场分析 银行业绩强劲 道指却下跌 调涨结束？ 你想多了 2022美联储或将加息5次 给你的都是惊喜 1/14
ea2zg6nzZSU	900.0	美股 美股市场分析解读 CPI 数据出炉 通胀过热 市场反弹能否持续 美联储政策是否还有变化  权威人士 市场最全面解读 1/12
m7GR-de-c7c	4029.0	2022 杀杀杀 开局
c3xNT7Ldx_M	941.0	美股 美股市场分析 美股大杀四方 美联储货币政策恐有变化 科技股全面重创 高估值 高增长股票也受加息影响 大幅下挫  现在走势全傻眼 不应该  1/07
au25pol0FPs	641.0	美股 美股市场分析 美联储会议纪要即将公布  就业数据周五出炉 涨跌一句话
5M5hkbLUdQ0	1070.0	美股 美股市场分析 美股市场2022年展望  小幅上涨 震荡频繁 回调较深 系好安全带 准备坐云霄飞车 疫情变化 美联储货币政策  地缘政治 美国中期选取 黑天鹅 灰犀牛频出
d6MqtM4pM5o	3711.0	经济危机马上到 卖光股票保平安
I9u_i2gtTdE	979.0	美股 美股市场分析 2022 全方位市场展望 房地产 劳动力 通胀 金融 股市 一月份即将迎来新年首次回调 2022年 市场震荡加剧 如何应对 12/31
vRkuBmWvi6U	583.0	美股 美股市场分析 美股交投清淡 美国国债收益率飙升 纳斯达克下跌 Omicron病例激增 航班大面积取消 员工短缺 商店停业 股市另类解读 12/29
T0TSeQ7AmVE	674.0	美股 美股市场分析 解读 美股继续逼空上涨 2022 重点市场关注要点 Omicron 通胀 美联储 货币政策措施 最新无敌疫苗研发最后阶段 疫情时代有望结束 12/27
kPepRncE6S8	715.0	美股逼空圣诞节 Andy有话说
Piax8ZcquoQ	1985.0	圣诞快乐 2022 一路发起来
FLwYZcTPKtA	686.0	美股 美股市场分析 美股节前反弹 美股暴涨 圣诞老人行情 如何把握投资机会 12/21
M-TDN0TgVHY	770.0	美股 美股市场分析 Omicron奥米克隆肆虐全球 世界各国采取新封锁禁令 经济或将再度停摆 拜登2万元 重建美好计划遭民主党人士反对 双重利空打击美国股市 Omicrom圣诞怪杰对决圣诞老人1220
eX5yIeH8DVc	1144.0	如何面对一起走过的日子 2021
DE4eBj7rOgc	496.0	美股 美股市场分析 美联储货币政策符合预期遇 英国意外加息 遇见四巫日 空头大举进攻 多头投降否？关键时刻美联储官员表示加息更有利于美国经济 12/17
tM4uDWyfhoU	2750.0	跌不下来的上涨 会开始变成逼空的上涨结构
r4f9xAEzu8Y	812.0	美股 美股市场分析 通胀数据高于预期 美股连续下跌 科技股再遭重挫 美联储会议明天结束 股价以price in  如缩债 加息不超预期 股市可能很快反弹 牛市将持续 1214视频 讯飞听见
-utQZj092gg	580.0	美股 美股分析  美联储政策会议将召开 本周重要经济数据密集发布 致命龙卷风袭击美国 奥米克隆变种第一例死亡病例出现 世卫组织发布警告 市场调整 能源 金融类股遭抛售 或许是好时机 美元走强12/13
CLJe_zx5I7M	2825.0	多头节奏把握精准 12月上涨可期
YF3lbwnjP6o	571.0	美股 美股市场分析 11月通胀报告 CPI 符合预期 市场已消化 仍有向上趋势 股市震荡加剧 下周美联储会议关键缩债，加息计划出台  12/10
PxMVNfaJBIM	571.0	美股 美股市场分析 各大股指继续 强力加速反弹 芯片类股 高科技及能源类股走高 圣诞老人行情可能已经来了 一个你余生最总要的投资主题 绿色能源 绿色经济 12/07
Ymp__UQV9FE	823.0	美股 美股市场分析 美股加速反弹 道琼斯大涨 科技股再遭抛售 能源 工业 航空股在受热捧 今年的Santa Claus Rally 牛市有希望 奥米克隆新变种最新消息 疫情或将提前结束 12/06
WNdQGQqkf0k	3408.0	下跌的性质及后期美股走势分析
KUBBsapDKiA	699.0	美股 美股市场分析 就业报告不同解读 带来美股再度U型反转 美联储加息临近 纳斯达克在遭遇挫折 下跌压力消化中 中概股你还行嘛？坚持原则太重要 12月下旬有望带来惊喜 12/03
_D3wutJ2KKw	667.0	美股 美股市场分析 美股加速反弹 芯片短缺 苹果需求量下滑 电动皮卡新机遇 12/02
eoQUm-W15R0	1077.0	稳定投资预期
pmAP4xjEkAU	837.0	美股 美股市场分析 美国第一例新变种 奥米克隆确诊 引发再次恐慌 美联储鹰派转向 加剧市场波动 一场真正的10-15%修正即将来临 如何布局 你准备好了吗？
ZVq4GjsniaQ	586.0	美股 美股市场分析 Moderna宣布疫苗无效 美联储主席 鲍威尔讲话稿提起公布 意欲何为 给市场降温 还是通胀比预期严重太多 欧米克隆病毒新变种能否改变市场走势 耶伦再次警告债务上限 11/30
rS9WYJVaGbM	441.0	美股 美股市场分析 美股反弹能否持续 是陷阱还是馅饼 病毒新变种 会不会上演老剧本 本周关键经济数据即将出炉 11/29
OZt5Hp3ytsU	4168.0	统一投资思路，明确投资预期。
NMZV4GC_JRM	425.0	美股 美股市场分析 美股黑色星期五再现  真是黑五打折季嘛！疫苗概念股，居家远程办公股飙升 航空股 度假娱乐概念股在受重挫 美股黑五再现 计息预期减弱 各大交易行调整交易标的及预期
4OVGNa2DxTU	334.0	美股 美股市场分析 美联储主席连任 利多出尽 加息预期增强 纳指或遭重创 沃顿金融学教授 杰里米 西格尔 警告⚠️华尔街迎来痛苦时段 成长股利空 投资者转向价值股 看好黄金 房地产无泡沫
hnfwTACx7f8	673.0	美股 美股市场分析 美联储主席 鲍威尔连任 国债收益率上涨 股市下跌📉 福特 Rivian 分手 吃不到葡萄葡萄酸 还是野心勃勃 老牌汽车制造商发力能否后者居上  新秀与old school对垒
TApQh45dpSA	3358.0	资金数据给出美股新逻辑
Qd6OI_ObOiU	560.0	美股 美股市场分析 苹果 AAPL iCar 苹果自动驾驶电动汽车 EV行业 New King 特斯拉 Rivian Lucid 福特 大众 通用 小鹏 蔚来汽车 谁将收益
puIIh5ojXJc	448.0	美股 美股市场分析 全球通货膨胀飙升 各大央行加息预期提前 英国与欧洲央行政策相悖  英伟达 NVDA 盈利超预期 带动芯片行业大涨 梅西 科尔百货超强财报 高位获利了结 Rivian Lucid下跌
nprEqWLc7IU	626.0	美股 美股市场分析 比加息更重要的决定 下一任美联储主席 未来美国经济的主宰者 鲍威尔 布雷纳德？拜登的决定即将揭晓 财政部长耶伦力挺鲍威尔
TaVrdm6GydQ	688.0	美股 美股市场分析 特斯拉 Tesla 能否 再创新高 走一波？美股传奇 特斯拉辉煌已去 还是会再创辉煌？伊隆 马斯克 发推文怒怼 大空头 迈克 伯里
-rpYOMw--90	953.0	美股 美股市场分析 电动汽车新宠 Rivian 🆚  Tesla  Rivian不会是下一个特斯拉？电动汽车车 新能源的未来趋势
Ck_mxyu1K3Y	1880.0	现阶段可以尝试的一种交易策略
w_GtmCC3QFc	531.0	美股 美股市场分析 通货膨胀远超预期 10年期国债收益率飙升 美股上涨面对技术性回调 抗通胀 股票投资远胜于债券和现金 11/11
ULKlMRnkIEw	3569.0	右侧信号已经确立 如何结合自己
dkqiLAZVct8	475.0	美股 美股分析 美股本周有望继续新高 美联储宽松政策持续 基建法案通过 消费者价格指数 生产者物价指数本周公布 关注美联储官员发言微妙变化 11/8
lzJZRurpUKM	3368.0	邪恶第五浪就此展开 你也要福 10/5
US4ybkkiQo0	708.0	美股 美股分析 美联储11月正式缩减购债规模 美联储会议后鲍威尔留下的困惑 11月美联储会议
SLKAdX8jEXQ	1383.0	美股 美股市场分析 Facebook更名 Meta 元宇宙 下一个跨时代机会还是陷阱 腾讯 字节跳动 Nvidia 苹果 微软 等科技巨头 纷纷进军元宇宙 你的机会在哪里
dKwp1QPFDKw	3796.0	富贵逼人 深聊成长 两个新方向
sYeq2MkxhO4	845.0	美股 美股市场 AAPL AMZN 财报不及预期 引发思考 电子商务 高科技企业 商品短缺 供应链中断 欧洲疫情反扑 美联储会议
eV5a5lVQhw4	351.0	美股 美股新闻 美股市场分析 财报季强劲业绩 F CAT AAPL AMZN  TASLA...... 推动美股市场继续走高
_Yfx29J8w6I	551.0	美股 美股分析  本周美国重要事件 美股将迎来挑战两周 大公司第三季度业绩报告 下周美联储FOMC会议 10/25
expv-7ZDdfg	3037.0	分清投资市场核心化 10/22
7Yv1zF73Sek	221.0	美股 美股市场分析 美股走势 美股上涨本质 经济数据体面  10/19
EW1Qi5wr7nY	1620.0	美股上涨的条件 越来越少 10/15
665D4zATh9U	2629.0	真假穿头破脚 10/8
Z9rzsfrVXV4	438.0	美股 美股分析 现在的美股没有所谓的反弹，反转的伪概念 只有震荡上行 10/6
f3N7LBn-B5w	295.0	10/4 下跌符合预期
yWKSMgkVfKc	933.0	美股 美股市场分析 美股下跌5%很正常，下半年随时可能出现10%以内的回调 10月预期 债务上限 新冠病毒 中国恒大  通货膨胀 美联储缩债恐慌 美联储加息
NRCERzGqkJI	3751.0	十月 密
KnjWW-iuumE	288.0	美股 美股市场分析 10年期国债将继续上涨 企业利润率下降 VIX波动率指数 材料上涨 劳动力短缺 能源飙升 9/30
hwjPNjgwDCU	534.0	美股 美股分析 美都大跌 暴跌原因 缩债恐慌  科技股领跌市场的原因 国债收益率飙升 股市大跌 9/28
5L_S2a_UdrI	339.0	空头拿谁来祭旗 9/28
rZVUupQ-f8Y	630.0	美股 美股市场预测 美股市场参考风向标 10年期美国国债 通胀加剧 政府关闭 债务上限 油价上涨 电力危机 美股面临棘手的一周
KbUpI6gigTw	2821.0	九月份如何收官 周期性上涨热点板块 9/24
5M3IrdoHyg8	1325.0	美股 美股市场分析 美国债务上限 政府关门 有何不同 对股市有何影响
_nGaMvjVQX8	531.0	美股 美股市场 美联储会议主要内容 自己理解更深刻 9/22
q3XTeLDnVZk	195.0	美股 美股市场并未度过最糟糕时刻 标普没能站上关键点位 50日移动平均线 更多不确定因素（9/21）
-DI6xp8jfN8	694.0	美股 美股市场分析 美联储议息会议 重要决策 中国恒大危机 通胀挥之不去 美国债务上限 9月份季节性因素 美股市场本身回调修正要求 经济放缓 delta 病例增加。。。。。。太多不确定因素 9/21
MjZNvMYx8dY	619.0	美股 美股市场分析 美股有一个比缩债 加税 经济危机更可怕的事情 技术指标角度分析（9/20）
eeUdu_W9wrI	808.0	市场需要你的参与 你必须知道 9/20
ImApDvK9Qz0	3242.0	下周多头表现核心提钱聊 9/17
P_UmVF_Oiyw	702.0	美股 美股分析 美股全面反弹 消费者价格指数 CPI数据 通胀预期 背后的真相
kBu0ZBDrCxE	359.0	美股 美股市场分析 美股观察 各大股指连续下跌 经济面复苏缓慢 delta病毒继续蔓延 美联储何去何从 狼真的要来了吗？
XOASUTIqlJY	3346.0	空头会用哪几种方式完成下跌 9/10
MwfXaQYBaJA	609.0	美股 美股市场分析 美股宏观观察 美股主要股指回调 标普回调将达到42%  通货膨胀 货币政策刺激 市场过度扩张 企业收益率下降 就业报告超预期 经济恢复缓慢 中概股 系统性抛售
xAe9Q42W3V0	344.0	美股 美股市场分析 美股牛市依旧 上行之中的喘息 美股回调20%  依据技术面指标 失业数据 delta病毒影响全球经济 美联储的货币政策 缩减资产购买 加息 历史数据显示
c_BavhszXz4	390.0	如何了解震荡的复杂结构 9/7
jV7C5qpaPPs	1140.0	邪恶第五浪的硬核输入
7FuVnlfTMNc	3348.0	波段时间周期 最早的空口窗口 防范浅谈
uwTJKS_36fQ	399.0	美股 美股市场分析 美股市场数据解读 非农就业报告 通胀预期 通胀数据 中概股反弹 全球市场上涨      9月2日
DtXXcm-bXAM	343.0	美股 美股市场分析 美股市场走势 美股行情9/1 就业报告疲软 有利于 美联储 政策调整  货币政策继续宽松
dBNPjRk0ai0	661.0	盘中有感 苦行僧 直播室 9/1
BjL5nPUXOtA	432.0	美股 美股分析 美股市场将回调10%  经济活动 全球收紧货币政策 过渡刺激计划 美元走强 国债收益率上升
25Obe88hI0Y	368.0	空头小窗口 小体会 8/31
gDsx-hE6Q3Y	310.0	美股 美股市场 美股分析 今日美股观察8/30 本周美股的重要交易基调  美联储锤子落地 非农就业报告
xRZdDJ1SzE0	3712.0	博弈大时代 需要立一面旗帜 8/27
jyxz2ubl0_g	539.0	美股 美股分析 美联储 主席 鲍威尔讲话 传递的信息 8/27 美股即将迎自己的大时代 美股市场行情大转变 结构 波段 大博弈时代 新的一波韭菜收割方式转变中......
_whq9wT0BOQ	256.0	大鲨鱼会员视频欢迎贴
o5P90oEr9jg	339.0	美股 美股分析 今日美股观察8/26 美股划时代变革拉开帷幕 美元回流 美联储政策 阿富汗局势
Zn6JdNebAhU	570.0	美股 美股市场分析 今日美股观察8/25 股指再创新高 美联储会议 引起地震波？ 市场选择上涨？还是击杀？
Vke0-eYn4xA	400.0	美股 美股市场分析 今日美股8/24 股市持续反弹 美元走软 石油收复失地
rRB2mhDWQyg	381.0	美股 美股分析 美股市场预测 标普500有可能飙升10% 而不是回调 美联储刺激计划 支撑高收益 小盘股 价值股受益于利率上升预期 医药板块 工业板块 非必需消费品板块 增持评级  材料板块减持评级
RyzbSQkOXiY	548.0	美股 美股分析 美股2021下半年 最有潜力2只科技类股 NFLX AMD
N4zkanBzbQ0	4063.0	当小结构碰上震荡市场 最需要什么？8/20 最后一期 老视频！
FTkm1UdA-wk	534.0	美股 美股市场分析 美股今日走势8/20 美股下次地震时间 石油下跌的背后 短线操作者必须知道的小Tips
uXh5Kr8RNkc	339.0	美股 美股分析 美股反弹 美联储转向 美联储加快缩债时间表 如何影响市场 标普有望创7月以来最大三日跌幅 美股天要塌了吗？
tvMvtq_oJ-I	852.0	美股 美股市场 美联储即将缩减购债 经济面临问题 房地产市场 就业报告 delta变量影响 通胀预期
58MX41ihj04	316.0	美股 美股分析 美股下跌原因全面分析，电动汽车下跌真正原因
9PRDbeMAnzw	316.0	美股 美股市场分析 今日美股观察 美股关注要点 地缘政治 经济增长放缓 8/16
AxdCoAL7Srk	284.0	美股 美股市场分析 最无聊方式 不断刷新新高  科技股 成长股 轮换 受益于经济增长股 成分股推动新一轮牛市 下周波动性增加
R4n5hbH3khY	3298.0	市场回归博弈原点 小结构常态化的注意 8/13
6MFOjlXHggw	191.0	美股市场 今日美股8/13 标普，道指创新高  投资者无谓通胀
-lbZ1u1cl8E	394.0	美股市场 黄金的过去与未来 黄金通胀对冲工具
nvmwOUa329o	256.0	美股市场分析 今日美股8/11  通胀数据公布 股市上涨 3.5万亿基建计划 通过 加密货币上涨
JNub4qp2oog	303.0	美股 美国股市将迎来一个上涨的8月 疫情积极转变 疫苗抗体增强 比特币将迎来上涨
r8A5zHTlRrc	233.0	美股 今日美股8/9 关注要点 黄金 油价  十年期国债 投资基建计划
GfNwqNW1Tgc	246.0	美股 第三季度资金流入方向 优质股 ETFs  价值股 周期股 成长股 黑石美股数据 分析  美国国债
5yybe5-sVvI	2775.0	8月资金分水岭 两点判断 8/6
P36nsNMRf3M	358.0	美股 将迎来一个怎样的8月 美股市场前景 分析 历史数据解读 标普500 2021年底指数预期
m-2Tl-2D09I	1049.0	美股 分析 中概股的真正风险在哪里 中资科技股，阿里巴巴 腾讯 滴滴
0FJLHgq8000	3217.0	波段技巧 浅谈 中资概念全面出局 美股后期走势预期 7/30
ry51GyH_SLU	428.0	美股 最佳的股市投资时机
gS0mYZXS5Q0	3868.0	Zoom直播分享 测试 重点结构 避免资金过度沉淀 7/27
hEF-yo1T6Q4	3035.0	美股创新高 节奏正确 后期注意什么？7/23
3ns_T4yrmfI	772.0	美股大幅修正回调后 如何选出好股票 美股板块热点轮换 摩根士丹利推荐 11只具有非常大价值潜力的股票
fztf_9H4q-8	414.0	美股 为何暴跌 从一个波动性指标 详细剖析 美股分析 暴跌是崩盘 还是买入机会
BNeQXIIOHo0	2806.0	市场的三个否定 和一个肯定 7/16
_8v3kln4iUQ	689.0	美股 未来最大风险，如何做对冲  美联储最新表态 通胀仍是暂时的  加息尚早 （7/15）
pm2KgO3kqK8	504.0	美股 9大指标显示美股市场极端信号  7/12
J7MQU2rekfk	2816.0	2021 下半年 第一个交易策略 分享一个板块 7/9
7PHkoN-eNCQ	695.0	美股 下跌 是机会还是陷阱 高盛最新财报 操作建议 20只推荐买入评级股票 （7/8）
bL84y1ITZFs	2620.0	下周有个小多头节奏 7 /2
nnncjJF1xLw	366.0	美股 抛售迹象 显现 如何应对（7/1）
VaHJwWFNaSQ	1962.0	回复一下大家的关切 聊聊会员的策略结构
w5U4DNHolnU	672.0	会员视频听众反馈邀请函 6/29
D4bzvY_d0uk	715.0	美股 2021下半年走势预判  纳斯达克创新高 为什么科技股大涨 facebook 创新高
RPAFuRqXWdw	2862.0	策略包含一切 空头窗口依然敞开
2XiPPiQ2AzY	718.0	美股 鲍威尔认怂 发表鸽派温和言论 美股大反弹 科技股领涨 新能源等板块儿 跟进
k30GcjirIdA	823.0	美股 三大股指强力反弹 道指大涨500多点 美联储预期加息后 市场如何选择
VQdRv9f84gs	2771.0	或许顶部 已经和我们无关了 6 /18
c7BVESjddx4	653.0	美股 科技股暴涨 美联储同意吗？美联储预期提前加息，but  科技股暴涨 这是何原因
jd7_PXaeKQo	452.0	美股 本周走势 美股本周重大事件 美联储6月会议 重要经济数据本周出炉
tG6H7RnvF6k	2631.0	市场进入震荡格局 防范一件事 6/11
vl7eKcpYGuU	663.0	美股市场 通胀数据高于预期 美联储加息？标普创历史新高 买入？ 卖出？ 你该不该入场 就业数据即将出炉 科技股反弹
gm_AO3eDjt8	1058.0	美股 市场回调修正时 你应该持有强势股还是弱势股 如何成为真正股市赢家 史上最强业绩
IaMeDAu6Pzs	2816.0	六月创新高 未来之星会在哪里？6/4 （会员专享）
xeddxoHhvyA	756.0	美股 夏季上涨行情正式展开（6/3）能源股 AMC meme Stocks 花落谁家
OR4DtecvCp4	2806.0	中期底部 已经抄到了 短期关注什么？5/28
ve9Zw8slISg	671.0	美股 垂直上涨 行情已经开始 行情爆发 成长股反弹
44fDmbnmpZ0	920.0	美股 顶级股神大PK 散户你该选择谁 死多头 巴菲特 芒格  大空头 迈克尔.伯里 英国顶级基金经理 安德森 吉姆.克莱默 Robinhood's
_UTlp6YcPtg	2336.0	下周市场还会延续上涨吗？
WVKOl95pdoE	953.0	资本黄金一代 叶飞私募枭雄 Andy大杀四方 美股投资
exG8LE3djEc	605.0	美股 黄金再度暴涨 通胀会结束美股牛市吗？
IT5JDWGi2Ow	2694.0	一个大方向 左得很 5/14
ZXpXB9xvbvw	888.0	美股 美股市场多杀多 散户相互割肉 通货膨胀 CPI  都是表象
d4UqARkzBaY	937.0	美股 通货膨胀加速 美股还会继续暴跌吗？通货膨胀预期 对股市的影响多大 原油 黄金 大宗商品继续飙升
wWphT-aZx9Q	3441.0	下周应该做什么 科技可以把握反弹吗？
MDsXPgVB7oM	852.0	美股挤泡沫 市场还会继续下跌吗？耶伦讲话 通货膨胀 专家预判 什么原因导致美股杀跌 美股回调 30% 时间是关键 判断市场崩盘信号
4HR1GI-Fl7s	1364.0	美股 大事件 举世瞩目的巴菲特 伯克希尔 股东大会 洛杉矶举行 全面了解股东大会 回应 第一季度业绩报告 股票回购  通胀 经济分析 拜登加税影响 美联储政策 比特币SPAC Robinhood 看法
5osyanfI8dQ	3937.0	新思考 形态模型 五月份坚持是核心 5/1
b_jJ52zxkcA	777.0	美股 危险信号再现 牛熊分界点 美联储保持利率不变 市场如何变化 五月行情展望 美股投资策略全解析
TIGNElV6-28	1120.0	美股 Uipath 今天为什么大涨 美股第三大IPO 新上市公司 Uipath 深度解读 分析 美股未来新星 也许是下一个 亚马逊？投资基础必学知识 美股分析 交易日志（下）
zLRxv4CuvEc	3246.0	回顾四月份 展望五月份美股走势 4/24
TYGVQkFS-IY	947.0	美股 世纪转折 向上还是向下？拜登新政 征收富人税 美股应声下跌 道琼斯指数下跌321点 美股机会 在哪里
yhncZlauXJM	1111.0	美股  大盘回调 美股涨？跌？机构做空 我拿什么来拯救你 PLUG & QS
yl9Z_xac3Jk	3719.0	调整一下 自己 才是最关键的 当下 4/17
ExG7pjgReP0	467.0	美股 市场疲软预警信号 摩根士丹利 25只高质量股票  规避弱势的4种交易方法 美股分析 美股选股策略 美股交易策略
oRDFfCMCb_k	875.0	美股 交易日志 成功制定 美股交易策略 美股分析 美股买卖点把握 的学习关键  成为自己的美股分析师
h4-Q7TD-RwU	4113.0	两条成功的交易策略 4 /10
rP1EGekONXc	1196.0	美股 喜大普奔的逼空上涨 来临了 科技股 尖牙 创新高 如何判断上涨最后一波还是起涨浪？通胀 真的需要担心吗？ 国债直利率是危险信号吗？ 美联储缩减强刺激是以后的主线吗？GDP 还能继续上涨吗?
ZjZbjiqxCA4	1000.0	美股 美股分析 ARK ETFS 2021 表现不佳的9个原因 晨星 美股策略师 分析 Ark Invest 2021 将如何表现？
wJFAwqWy7pw	4092.0	谁与争锋 细分行业 4 /2
jZBR7SX48C8	844.0	大鲨鱼俱乐部 欢迎贴
BA-ZynY1vAw	1158.0	美股 上涨  行情来到了 为什么 SHOP PYPL  SQ 拼多多 可以大涨 基础设施建设 绿能 机会在哪里 美股分析 第二季度第一篇 （4/1）
vCvEe_LZG9U	948.0	美股 2021超级牛市 消费者主导地位的提升 新尖牙公司即将降临 美股趋势 经济可以持续推动 比特币 去中心化概念 金融创新 美元 黄金 中概股
3BZVe6PQB7k	4011.0	市场存在继续下跌的概率
gb9iCN_jfxs	1264.0	美股 龙卷风般的上涨已在路上 躲过下跌的风险 就会有超预期的收益 美股分析 多空转变 稍纵即逝 提前布局 才能回亏损 把握美股 节奏 波段 什么是系统性风险 美股走势 不简单的买卖交易行为
Rr-97foOApM	1103.0	美股 美股分析 美国豪赌2021 超级牛市 你知道吗？经济重启 通货膨胀 将如何影响美国股市 高盛 美股2021年趋势预测
yM8wugeZ9m0	3719.0	如何抄底交易 新板块的梳理 3 /19
XmcA5qtpoU8	929.0	美股喜迎 第一次抄底良机 不容错过！梳理市场主流投资逻辑 把握未来增长方向！ 美国主流经济观点 通货膨胀预期 美股新主线把握 美股中长期投资需要注意哪些方面 结合图形看Tesla NIO未来
vH12Ozmc9_A	1133.0	美股没有泡沫 选择正确的交易策略  美股触底反弹 美股调整未完毕？美股已走入一种结构性上涨 美股走势预测  美股技术分析 美股选股策略 美股波段操作一个不能少  长期持有垃圾股不可取 黄金 大宗商品
jrhqAgGlgiU	3443.0	市场上涨符合预期 热点详解 3/12  2021 谈两句时间周期
7Ud3JFIzafg	840.0	美股创新高   纳指深套 割肉离场 标普再创新高 双底形态 突破向上 必须买入 美股后期走势预期 给你美股走势鲜明观点 走势分化 把握下跌 制定经典投资策略 调仓换股 看清个股形态 把握时间周期
n_Fzh2WI9ek	1088.0	道指创新高 纳指最后一跌吗 2021投资机会在哪里 耶伦说！全面解读美国财政部长耶伦新政 帮你理清美股趋势 做好美股技术分析 制定美股投资策略 避免美股操作坐电梯 牢牢锁住投资利润 把握美股波段
EJgWRknR0RQ	3111.0	2021 定调 总体形态趋势已定
4YqZpm0K_oo	1176.0	美股技术修复 买入机会有多大 美股大跌 符合下跌预期 美股暴跌怎么办？期权对冲？美股该买？该卖？美股走势分析 美股选股策略 美股仓位控制管理 美股布局
gWa4BvJ4JeY	750.0	市场反弹走多远 一旦错过就后悔   美股反弹 加仓？减仓？听听巴菲特怎么说
whTOYP6bVlQ	3724.0	什么时候才是重仓的机会 2/26
RjfhfaNDQZE	893.0	道指创新高 散户割肉大赛刚开始
cuIrIKNocz8	1334.0	拜登新政策 不会在意股市暴跌 还有通胀风险
B7nzTGFC97s	4027.0	大结构的预测结论 板块中个股分析
FvakL1bFLSY	1067.0	美股上千种暴跌的方式 散户上千种割肉离场的原因 之 妖股回调 割肉离场
3cXZlBTQvdE	1026.0	美国通胀危机来了 美股投资还能赚钱吗？
Qsik12viO_o	3362.0	大结构 与 大通胀 （做空随机策略）2/11
DYZyo2JezsY	839.0	妖股的春天 会埋葬所有的散户
rJLeW3O9C_g	1313.0	美国七大机构 给巴菲特支招 窥视美股后期脉络
Vngw1wyp364	3299.0	短多如何布局 搞一波 2/5
0wozOPvuH6w	1012.0	美股多头陷阱 还是暴涨开端
BMTltcTg8S0	1112.0	华尔街的阴谋 择机入场 不应该？长线持股 才正确？
CyH_cw6hcCw	3601.0	美股可做空否？1 29 全画幅全集
AActS5hkdVY	2015.0	美股可做空否？（下）1/29
W-danwvmqP8	1679.0	美股可做空否？1/29 （上）
NNuMse5gsQ0	1040.0	GME 美版敢死队 不不不 美版 ST
w1wji9g3M_A	1168.0	美股空军志在必得 粮食危机魔咒
KTuoRZLTtkE	3612.0	下周美股必须下跌 1/22
R7EL5Am5DZ8	718.0	美股大重启 股民大清零
hbvX5jcaEeI	979.0	美股暴跌总要在一月份
z-UkVamHjEE	2303.0	两点思考 1.15
CifGF3xTqNQ	919.0	美股高位震荡 会突然死亡？
bcq_5nrz_TI	730.0	空军集结 干翻华尔街
-OZSBBLdgZA	3284.0	大结构下跌 三剑客策略 确定新龙头
Tw-e-u3rBsY	719.0	2021 世界不相信眼泪
H0NSXNmEB5M	850.0	跟随明星基金投资 靠谱吗？（1）
wpysQHNirPY	2747.0	2021 展望 1/1
d-_1rjkH-Qk	822.0	2021 五大投资板块 以及龙头个股
xBCSb2Hnz-8	843.0	全世界的散户都该醒醒了 风险是扛不住的 更没有必要去扛
NG5xOGZPGrk	2995.0	下周主要的交易策略 12/25
Vgke3BYQ2gU	733.0	技术面如何选择股票 三大特点
A9x2ZH2Tp_U	783.0	2021 最具投资潜力的六大板块 之能源板块以及个股 美股2021什么是K形态
qBJF3hilSG4	3319.0	新机会 新方向 12 /18
c0eTv_IOSiw	820.0	美股牛市来了 该如何选股
P_5deUZrVWM	851.0	成功者如何看透市场变盘
ujf1rHBQe6M	2859.0	高概率模型投资方向
qZNVr980Ako	893.0	解读市场的震荡 美股后期走势的预判
WPppZQCWqrI	1005.0	美股会破4万点 什么是核心推动力
cb91DKhklkU	3000.0	如何扩大盈利 12/4
h2LKlfWeMLg	935.0	美股新高之后 还能走多远
yZyVm-9sEQk	901.0	2021 将是美股史上最大的牛市
lfjmWzD2eu0	2431.0	12 月份的一个锦囊策略 11/27
k2UV0t2zLcg	901.0	资本玩家对垒股市韭菜
i2H3DYbe-dw	2445.0	投资第四维度 重要策略 11/20
6nlOmZQLhEg	867.0	美股创新高的行情正在路上
H7fpYzE_6Io	1073.0	爆料 美联储做空市场从没停止过 什么是超预期投资？
QmGTjezMVCg	2102.0	短中期方向 策略 11/13
WGrUr2Bacjw	889.0	美股高位震荡 暴涨随时发生？
bfvaJnF64zg	866.0	巴菲特火力全开 加速赶顶？全球资金集体亢奋
OemZ6jDfsOw	2341.0	市场变盘的条件 11/6
QArPKiuRkf4	891.0	美股暴涨之后 会暴跌吗？
VmzOBpWQVmk	733.0	美股窒息式上涨行情 已在路上！
28ztW0ZMPkY	2223.0	下周又是获利周期 双赢策略 10/30
NQqwnc1ajfI	848.0	美股下跌只是开始 多头斩仓离场
8_-_fnpVl9k	886.0	美股加速下跌 美债筑底反弹
u0E-4Zh_-mw	2368.0	延长策略有效性 大结构让我们盈利！ 10/23
FRUET6-lJFo	901.0	美股加速下跌 华尔街的炼金术
yYLeL3DsK2o	896.0	美股正在酝酿百年大顶
LGsN5ddG_-8	2621.0	等待市场大结构 10/16
i0BhlOBvTmU	898.0	韭菜誓死效忠华尔街 行情开始
NCNo6byaA-8	873.0	美股的尖牙行情会突然死亡？
HYWINDUmk_g	2578.0	形态结构的交易逻辑 10/9
rVNYN_ddhxs	893.0	美股最后一波反弹或已经结束
dwdkbN6I_ag	784.0	美股第四季度 还将探底
x8dMX3dZaO0	2315.0	美股第四季度交易策略 10/2
jgglfffiNck	875.0	美国大选首秀 预判美股第四季度（上）
MgLeklduIe0	842.0	反弹开始 马不停蹄做投机！
EQffXfPLTas	2261.0	反弹走多远
xoPgyCsbis8	883.0	未来九成投资者将被市场坑杀 你会是其中之一吗？
SBio_wX2_sg	887.0	美股见顶 草根股神的魔咒
LwLZ5FSgEj4	1844.0	如何看待多空机会选择交易 9/18
VA0bA5YYSi4	901.0	美股还会继续下跌？巴菲特和美联储怎么了？
RTb1968VE5s	834.0	美股反弹或只是昙花一现
gGVn7iIJX58	870.0	美股再度走牛或许很难 高清版
rCywfrSXnR0	1830.0	资金行情的分析结论 9/11
4TPIaCY9kk0	870.0	美股再度走牛概率极低
fBMzSgZ2RVM	893.0	长期投资中大佬都在互撕 特斯拉的启示
0dB_NNUDDZo	879.0	特斯拉出局 你也会被清理掉
YRex8TFnYS0	2224.0	市场后期走势判断 盈利模型应用 9/4
BCa4RpFAhPA	894.0	为什么你的价值总是失败 成功做空特斯拉
oKzkEXtkuxw	860.0	在疯牛变疯熊之前 你该干什么？
dnGtybpu9_E	895.0	投资界顶级秘密 模型操盘手
hgKTfOTVYw0	2066.0	震荡格局的概率模型（1）8/28
mYzgBnyO1jM	845.0	网开一面将围绕美股九月行情
-SkfRqlbSQM	898.0	现阶段 要分清多空之间的本质特征
ZQtaMAFUO74	1852.0	市场定调 操作定型 资金定量 8/20
XXbq4ckXL3o	900.0	美股操作难度加大 市场变心了
YTjYQX0aRQs	772.0	巴菲特抛了银行股 我又笑了
F08zzvTEN_k	1772.0	美股下跌或许还是比较难8/14
NvwExoCxm8M	872.0	美股多头趋势 不是免死金牌
jDoGflghfvs	889.0	如何理解现在美股的风险预期
RRAoIMix5cI	2141.0	两种回避一种坚持 8/7
kY48sEo6Xgg	892.0	如何思考 绝大数人错过的美股行情
5fdrNNqbZHI	1670.0	等待市场数据 回顾一下近期热点板块 7/31
lgx-7x9--pU	856.0	八月份将是美股多头最后的入场机会
4lgS8oqgkLY	897.0	美股震荡 美元下跌 巴菲特买股票
oXTigDmeopE	2005.0	如何控制风险 7/24
EowUm8g41f8	877.0	美股开始下跌吗？数据告诉你什么？
kpqBKwhQoOw	1934.0	如何避免交易陷阱 7/17
9VzQj6ethDE	888.0	美股正式换挡，傻子赚钱的行情结束了！
Mib1bWhO_zc	873.0	美股颤抖？血洗你的大脑！
JeHfA9EZw-s	2056.0	时间周期共振的结构形态 7/10
2M8QqqC00mE	884.0	美股下周将展开大上涨行情
FGfH3XlH4mY	842.0	全球股市暴涨 巴菲特高调入场买入
O0-6qT6D8rI	884.0	美股第三季度将展开大三浪的上涨
FF6ASb-4wtk	1749.0	美股投资大策略 下 7/2
oHbUc1eJ2ys	883.0	美股六月完美 七月就是暴涨
0PBKgBFo8vs	898.0	翻滚吧 箱体 6/27
E4SPSXSV0cA	864.0	美股再度下跌 后市转熊吗？
JImFkMKnUJ4	899.0	一个大策略的调整 （上） 6/25
GsJwt3UIAAQ	861.0	美股暴跌 空头瞎折腾！
ikzkCw_P0DQ	1639.0	等待着六月收官 6/19
H8W86qcBL9c	892.0	美股下周暴涨没毛病！
lYKDPfWrV88	1956.0	合格会员的操作，六月下半月怎么办？6/12
H9us8VuyUAg	817.0	人生就要赌上一切，否则就是一块烂“肉”！
kYSaumMj444	851.0	美股创新高 买入机会 没毛病
mA68OgDFOro	898.0	该买 该卖 看什么 什么是周期（1）
m3z9U7JEDaY	1711.0	如何把握市场热点 6/6
ckQTHSPI6Q0	800.0	六月行情中的策略
kIX2YcMb3WU	896.0	美股六月开门红 散户应该满仓买入！
NfiHUOVECAs	874.0	美股的风险到底有多大？
LlX7C-0LIic	1767.0	六月争取来个开门红 5/30
UsOLo3zFeEM	893.0	美股将迎来横久必跌的走势 (六月）
KPHXPFS4Nqk	887.0	纳斯达克调整结束？道琼斯突破还能继续？
A86BfARnytg	879.0	美股最大风险 （2）回归均值
K89pjGZ6YTE	882.0	美股市场最大的风险是什么？（1）
HUWFIHBnzO0	1437.0	如何思考之后的下跌走势 5/22
GSVOm12uQs8	812.0	美股上涨行情已经结束！
Igk2gFkscIU	638.0	周一暴涨！美股多头横行天下！
PnnE6xsCYNI	882.0	如果下周美股暴涨，什么因素最重要！
r5fs4tgr7z0	1642.0	等待市场确定新热点 5/15
PX1rSWINiFA	893.0	美股大幅震荡，后市还有机会吗？
PUQVFx3r85o	608.0	会员必须要知道的真相
gZmdtiVWG8w	858.0	川普转身离开 后果很严重 突发
6ci5rp1GwzI	1737.0	5/9 市场新方向 新机遇 （树与人的故事1）
ffEumDyefms	891.0	美股多头情绪全面点燃！
q-_4AMy0ZLo	895.0	美股投资不存在最佳的投资时机！
FZMEIb_6_rM	890.0	巴菲特被市场彻底击败 的思考
xeU1InGuygk	634.0	会员交流注意事项 （紧急通知）
Hlr9dX2ufp0	1299.0	做好五月份的目标投资收益 脚踏实地 （多角度分析 一个角度获利）
6PbAhP0O_9c	884.0	美股还将在五月份 继续暴涨！
-pCfAVsUf6Q	1492.0	股市交易节奏的变化
DvcWN7C_cPY	876.0	美股迎来新力量，全民炒股的时代正式开启了！
Xrm97tRhJp0	1357.0	仓位管理和会员问题
HkycrLSoB28	791.0	20%投资收益 高清版 （3/3）
g4kFkQzuVqw	636.0	20%投资获利 （2/3）高清版
UxF3zgeGpAI	684.0	20%目标收益 高清版 （1/3）
uJ8TPXmWRxw	2040.0	20%投资受益目标 五月实现
pAwquohacmw	776.0	美股下周来一波，翻天覆地的大变盘！
KcA91EajN1g	869.0	会员测试视频 聊两句
Gr9_xRLydNM	139.0	大鲨鱼会员招募中
BDgMu9LzoaM	877.0	石油没有危机，下跌原因是什么？
UKQ8G0apBQs	753.0	美国的经济风险在降低，苹果公司将会引领世界！
eNTl8w4l7Uw	898.0	现在不要做空美股，即便地球毁灭！
wCc1gdApJ4k	898.0	美国经济下滑看什么，特斯拉同样的故事不一样的天空？
sgxzvu0bHGI	810.0	特斯拉暴涨，美股最坏的时候或许在后面！
dN1Ag_rU2Mg	888.0	如何成为职业投资客，小资金 小散户 （第二步）
PYm2XPD_Y1o	870.0	如何成为职业投资客。小资金 小散户！（第一步）
jDw3FdvSZWo	890.0	美股毁天灭地的走势，下周调整吗？
T9bc8RI0vaE	894.0	美国实力，信心世界第一，没有其中之一。鲨鱼读报 4/8
5Lxst8OG6TE	868.0	巴菲特 卖股票被刷屏，你们知道为什么吗？鲨鱼读报 4/6
mh_VrkiiXeI	885.0	美股四月份最佳的买入进场点位 大曝光！
b8qTiXb3fLw	865.0	突发 瑞幸咖啡 暴跌80% 美股风险正在发酵中 鲨鱼读报
tm4mZ3qGWNM	887.0	美股暴跌后，科技战还打吗？华为PK苹果？鲨鱼读报
AoDwQPCD--k	891.0	美元走贬美股怎么办？史上最强的动量指标！（独家曝光）3/30 鲨鱼读报
H3XgyyCg7CY	892.0	美股反弹来过了，四月份还会上涨吗？
QCuubTqNMu0	883.0	美联储两万亿，巨幅震荡的背后是什么？ 鲨鱼读报 3/25
R7fDvkuuM94	900.0	美股所处形态分析，曝光空头资金仓位。鲨鱼读报
33Ox8PYqQSQ	862.0	加仓买入美股，美股市场空翻多行情已经展开！
MIFYnCJG-70	872.0	跟着川普炒股票，内幕交易者做什么？鲨鱼读报
f_eSofpPejc	870.0	美股第三次熔断，降息归零，救市失败吗？
pbHKwovdC5o	888.0	美股即将展开 烟花般灿烂的上涨 （音乐 修正版）
HTyyxjGolHc	870.0	烟花般灿烂的上涨行情 下周开始！美国股市！
pDe-QUi5L9s	900.0	感谢美股的第二次熔断！
T-389d2yMcQ	888.0	鲨鱼读报 美股第二只黑天鹅
o040vHCTjNE	893.0	重磅 突发 美股跌停 秒破24000大关
qlw8vvxM4i0	873.0	美股埋葬多头的行情即将开始！（三月份）
saGlp0TdAm0	816.0	鲨鱼读报 美联储降息 拯救美股能成功吗？
Sj7jlNbNWGs	829.0	川普说美股暴跌的原因！
fPL-g1EJEMA	894.0	华尔街不相信眼泪 多头已死 快跑！
kbSscBLPyi4	896.0	鲨鱼读报 独家采访巴菲特 秘
lmGLRuqDO7Y	892.0	鲨鱼读报 美股暴跌 巴菲特早知道！
sgILurO3FXc	895.0	美股确定 大顶吗？
B25Fp6U7hsY	887.0	鲨鱼读报 民主党金融交易税 独家解读
UMJXCiOvvVQ	900.0	鲨鱼读报 独家财经解读 二月十八
u4af0IGPrns	883.0	接盘侠来了，炒美股免税？
H_ewjKkOY20	899.0	美股三万点，可否问鼎
3O-NRy3Yx_U	895.0	美股牛市盛宴 多空双方谁会先离席
DIdfjcmZU3A	891.0	美股关键节点已到，逼空上涨还是暴跌开始？
RAJ25BeA0DI	878.0	美股还会出现一波杀跌
l8rAKfl3o6A	851.0	美股暴跌 牛市还在
aVvLztcq_zU	785.0	美股短期变盘看什么？
ZDS7M4A2S0g	885.0	美股牛市结束了吗？
EeibsNauuQY	878.0	为什么 在股市崩盘之前 你不能全身而退
WpzoeWLNJBc	891.0	美股下周开始调整
XUnajxMtUEE	900.0	美股大空头聊投资
WXEa_CiieJ4	885.0	中美协议达成 股市还会新高？
0Q-9U3W1XCk	891.0	世界会因美股上涨 改变吗？
MAMp93zwHHY	892.0	你不会相信，投资大佬从来不止损。
NrFP2KFP_R4	850.0	美股市场，空头云集特斯拉的秘密！
GMkLZLLz4XM	885.0	美股多头趋势 轻松买入获利
Sj6I23iGav4	864.0	美国地缘风险打得败美储推升的牛市吗？
0CZA3vg7CNE	882.0	2020美股开门暴涨，空头只剩半条命！
UPUTR5CtI5I	892.0	指标钝化 确定顶部？
d76YfdgzVhE	899.0	2020 美股从北到南 黄金时代？
OSlGsIo1_RI	873.0	美股下跌等什么信号
YFJXm6e8mCc	886.0	大鲨鱼 还魂 美股空军
meE0GXPuQPA	899.0	当风险来敲门2020（1）
b90fVhqTpSM	872.0	美股圣诞行情 猪会上天！
lCcxEhZVy0Y	894.0	爱上美股 爱上上涨 爱上明天
yNZ-VDJPtv8	899.0	美股大空头大鲨鱼，已然爆仓！
_C1r34B4yR4	900.0	中美贸易协定 的一些看法
Qo0sp1vPDII	891.0	美股市场已到 剃刀边缘
qJ-WlhkaK1E	864.0	美股市场将迎来一次空头加仓潮！
TQXcrRL3L0M	887.0	美股市场多头 空头都在等下跌！
bW613Af71c0	892.0	川普经济学神话 ，高就业率！
YTzfFGgxOIM	879.0	美股市场将迎来更大的风暴！
MD2-ueVomgU	815.0	美股暴跌之后 是买点还是卖点？
uRmQUnkQOsI	893.0	美股多头想静静，为什么美国消费指数那么牛！
wW1aD1VZzMo	882.0	美股市场黑色星期五 只是多头噩梦的开始！
PhPPcScKSUE	803.0	中美散户大比拼，资产管理！
yjkHabeUViA	899.0	感恩节特别节目 中美散户大PK(1)
y3LwG3W2P8Y	879.0	美股胜利大逃亡，是买还是卖？
F3rWq9PXRwk	871.0	美股多头会点燃A股最大的牛市吗？
2ZrE6F3j_fM	890.0	特斯拉打碎美股科技的梦？
ZlJ3U1kDIjw	880.0	连续做空美股，会怎样！
EyBEMmXxq50	857.0	美股市场下周会出现历史最高点!
h9-lyd6BT5U	722.0	美股空头进攻从明天开始！
RmmyBapxCFQ	821.0	川普演讲带来了什么信号，如何影响投资市场？
r6oW8ehT-LI	900.0	美股市场投资道路 怎么走！
8ZL0wFVki7A	901.0	Andy给美股市场算一卦！
29rRBBJde9w	886.0	美股逼空上涨已经走到尽头！
n38BC-q-C3w	875.0	股市里的那些活儿，涨停板敢死队和AK47!
ujjC3qH9uCU	893.0	杠杆投资和风险，股市里的那些活儿！
8EOoX17Qe1Y	896.0	美股暴涨 成功建仓！第五天
-ldpdFg5uBU	895.0	美股多头 多翻空 拉满仇恨的第四天
2L0YtkLuL6k	896.0	美股多头拉满仇恨的第三天
4xcsjmOjmPg	767.0	美股多头拉满仇恨第二天
OxgdjusSV_E	817.0	美股多头拉满仇恨的第一天！
-vh1jHelHkQ	870.0	美股多头玻璃心，下周让他碎一地！给我停！
wm5VYVr8Ct0	616.0	劲爆！美股再涨一万点，你做好准备了吗？
wfDTKB5sUsw	852.0	美股又到大赚大赔的阶段了！
-bxNUH5SUZY	900.0	美国固化阶层和价值观对于经济的影响（1）
oa1JV2fCa94	893.0	推动式下跌或已成型！
R4emwwi19GY	891.0	金融危机内因的2点常识
DTcpxuQnnXM	900.0	你不知道，世界资本的秘密和阴谋！
KxgxHIDz0aM	894.0	美国放水还能推升股市吗？QE 抗衡危机 谁能赢！
hCQiZJ4jQ8Q	890.0	普大喜奔 中美贸易协议 搞定了！
-RTu1Fb6mLU	885.0	美股多头横行天下，空头全体下跪！
ed3IQjnnY0g	899.0	美股再次下跌，贸易协议就是陈词滥调！
SHcc4eXy0LY	882.0	美股第四季度预测，确定下跌趋势！
A3xXxHB_0X0	887.0	投资不顺利 投资亏损怎么办？
9YgQgcdHRO8	871.0	突发新闻（限制投资中国，清理中资上市公司）对于美股的影响！
HgQYtcLunpk	891.0	美国道琼斯指数最多就值六千点！
lK_fJ5pDTg4	877.0	美股上下翻滚，投机盛行是灾难的开始！
okjDLhACFf8	891.0	世界投资人，收益最高的秘密！
NeLDRIPN1Tg	895.0	血洗美股从下周开始
rSlAbvxCcS0	896.0	2020 美国大选 经济发展和投资市场（第二集）
s97g2fSM6IE	896.0	2020属于川普，也属于民主党！（第一集）
I9RfGFIt9zQ	899.0	空头必须活到美国崩盘的那一天！
4nJ5Sv1AMDA	821.0	标普创新高！新牛市开始？
DWMl2DaADs0	897.0	聊聊中美脱钩 货币战 报个空头平安
VcJGwOe5qY4	893.0	聊聊美股那些刺激的事情儿
lXi6Psp9MyM	899.0	美股多头狂欢何时结束！
Aq87U2-0WaM	868.0	美股如何做空，投资危机也是可以盈利的！
jIIIJkiE11A	886.0	破公司会关门！破美股会下跌！
u682OdFvBas	876.0	G7传递重要信息 美股还将探底
LJOxYup9b-A	892.0	美股正处在20年的大危机中
_tIPqHS0q5w	897.0	中美资本发展目标（2）国际资本的力量
vJ-3zovJ_Zg	882.0	川普新战略是利空还是利多
norquq9WRUQ	858.0	推迟关税 出兵香港 美股还能投资吗？
lCJTFSnOczY	892.0	中美经济发展差异 资本投资目标（1/5）
ZtXKMfbxRus	894.0	突发事件 川普不要贸易协议 美股后市如何看待
SudYJ5ell8w	883.0	汇率破7 货币操纵 如何影响美国市场 货币战“站不起来”
qo752XRhGPA	861.0	美股还会跌到哪里？多空如何争斗
hQm2IAa9Jmk	816.0	突发 中美之战升级 空头洗劫美股
egr0zMwyVwg	841.0	中美贸易协定即便达成 美股依然下跌
IvlV90XoRDE	873.0	美股现在是谁的馅饼？
p1CR1o0ZIpc	879.0	做个空头 等待着 美股的暴跌
UX8hhLUTi9o	876.0	金色风暴习卷美股
Icl7PXaXLTU	880.0	美股展开三浪三的大上涨！
WMuAhEPIRw4	899.0	美股三大股指均创新高之后如何操作
D2AHF4_GSEU	821.0	谷歌公司面临被拆分 你知道吗？
-8E5pqPGT6o	882.0	投资是什么？付费学投资的你被骗了
HnUMKz0AS4o	899.0	美股将会走一波上涨行情
WA-1f9AYMSo	831.0	美股2019第三季度走势预测 不会超预期
jkaPDg5CTj0	761.0	G20利好美股 大涨已经开始
3jGCtNaWbMQ	879.0	美股再创新高！行情只会更大！
trb4e9HaeRg	831.0	美股投资与投机的本质
YY5WbvaycMM	898.0	美股下周空翻多
eX37-hONIL8	818.0	美股没有下跌空间
lgjZho9pTe8	819.0	美股暴涨一周 六月行情怎么样
-2tJTcAZbz0	702.0	美股最后一跌 做好准备
IXOyRIhek-4	900.0	美股黑色的五月遮住投资的眼睛
A8VMP30NG74	891.0	美股满仓之后的感受 谈谈投资价值
cmr589g4ToQ	714.0	美股黑色星期四 我满仓了
S7qpaNbpQxY	852.0	我被骗了。。。好开心！！！
tUSRoILXfxw	863.0	投资不逃顶 梦想不妥协
EhL1OCPJTgQ	859.0	投资解密 提高执行力
nKmRf5CADv8	852.0	全仓买美股 机会来了
5Frag0q_2rI	874.0	如果中美贸易达成协议 美股大涨 怎么办？
4LxsH4CVYoo	586.0	重磅突发关税继续加增25%，美股还能上涨吗？
B0VSWLQAzTQ	894.0	在暴涨中买入美股的原因
HqbixVW2SjU	857.0	如何在亏损的压力下进行投资
4-0xjKSfYvo	818.0	重磅突发事件预示美股五月不平凡！
YrrbwyiC8RI	709.0	美股再创新高为什么？
SL2iR-QNBIA	895.0	中美贸易战结束后中美经济都会腾飞！
SzNBQZ-tcSc	896.0	黑洞曝光会把美国资本市场吸入无危机的发展史，没有经济危机了！
w2RP3EpsOdQ	814.0	解密投资-技术分析！技术分析是投资者的坟墓（多集讲述1）
GkW7ryKBVFU	384.0	美股大涨快涨，你会买在头部吗？
E_SVVXeQoyU	883.0	上帝的指引，找寻10倍成长的公司
ixvAO1lU9Xk	838.0	美股投资收益简单化 聊聊波音公司 苹果公司
LY8zyHnU0iE	821.0	美股投资盈利开始奔跑，一天收益3万美金，美股行情进入新上涨阶段。
qudDX37W_QU	863.0	美股无风险对冲模型 100%收益 横行股市震荡行情
44LudZLyLkg	845.0	美股暴跌 为什么 怎么办
8AgxzlwmZ7s	897.0	美股一天损失一万刀 坚定的看多做多美股 分享巴菲特十大投资股票
I3F2qvnsRnU	895.0	美股将进入火箭升空式的上涨
VJSTqQSiV_M	833.0	美股下周会迎来空头的阻击
7reEWk0N_Qk	883.0	不要轻易的做空美股市场
Dbxzi6TvR78	900.0	美股会出现断崖式的上涨
kjRtjLl4euM	872.0	美股进入多空大绝杀阶段
oApp71j_r7A	718.0	现在的美股还要勇敢做多
inlB3JTUU9k	900.0	美股24000关口 下周多头继续发力上涨
1LYWGDREdwU	898.0	美股新年大吉 空头手中的三张王牌
gkttqTtmiXg	823.0	美股一锤定音的上涨就在2019年开始
M6dHekp52x0	888.0	美股多杀多恐慌蔓延 18年底重回24000
WDtxshE1p68	867.0	美股下周走势会出乎意料 圣诞红包行情
dziBGDeMFco	884.0	美股下周会出奇反转的
Q7X1d-n6rNM	283.0	看好美股十二月走势从第一天开始
jL79F6JX3Lo	892.0	美股股市继续下跌 重在选择好公司
OYSn3zSW3Fk	887.0	美股还能创新高吗？
n4m-RnDDd8w	877.0	美股震荡时间不会太长
3iIRXH0_EfQ	899.0	美股下周或是暴涨 10月第一周 周评
Nor8XTfPz0g	900.0	黑色十月过后 美股还会艳阳高照
-8hwpg7edbA	895.0	美股之后是大机会的分析解读
mZ3PQ2s5eQ4	892.0	美股调整等待一个大的机会 十月十四日美股周记
Cvie8cFKj3I	889.0	美股一周回顾 十月七号
CjvGa25Apv4	875.0	调整的分析 九月二十八日 美股一周回顾
O3mycJA4WGQ	899.0	美股创新高 火力全开的一周点评 九月二十一日
Q2kvvd4stus	890.0	美股继续震荡九月十四日美股一周回顾
izTk8H95P7w	894.0	美股九月第一周走势回顾  调整结束了？九月七日
uCvGo6uqPhQ	860.0	美股继续观察调整 九月一日美股周评
6x9mMChux3A	872.0	弹劾危机如何影响美股市场 （2/2）
EbOy_qcsNI4	873.0	总统被弹劾 美股会崩盘吗 美股八月二十四周评(1/2)
PZBjAtcjig0	872.0	美股这周重整升势 八月十八日周评
BBo2StCxs58	847.0	美股空头突然袭击 后势如何把握 八月十日一周点评
_kF4LnFkBU4	869.0	特斯拉是天使还是恶魔
c8IjfswCX1U	896.0	美股八月四日一周走势点评
1Nns35azzZ4	873.0	美国龙头科技公司的未来展望 FB TWTR
6n5WckbefRE	872.0	美股科技股票的闪崩 美股七月28日一周走势点评
_TknTaeJOE4	800.0	股市测不准为什么还要预测呢？
WTR4BjTauQ8	850.0	七月二十日 美股一周走势点评
j9TVb-RqdUo	866.0	爱奇艺值得投资吗？奈菲利克暴跌？
F6TOPh3Xuis	863.0	美股道指创新高
q9toXS9FlPU	804.0	美国生活 从哪里开始
KntPmGJ4bEY	871.0	美股七月六日 一周回顾
gpjeg50bnO8	868.0	贸易战对于中国股票的影响
amuXO55BCXY	867.0	美国贸易战对于市场影响的解读
6KZtH4RqIds	896.0	六月最后一周 美股点评
0sz49gE2eQY	886.0	6/24 美股周记
s0Ed-cmkbE8	594.0	连续下影线 说明什么
rWacKugepcs	838.0	美股6/15 周评
mFzsCN7xtZs	809.0	谈 美股上市公司
Aicz2Rgqkjo	844.0	美股 论技术
vP-Aq9dXHFY	851.0	6月8日 美股周评
IHEWtjFiQ08	488.0	美股不会只涨不跌  2018-06-05 at 11.47 AM
BrGXfTHq5Yc	1536.0	美股走势六月第一周 周记完整版
TBKfsXNPiAk	901.0	六月第一周 周记（1/2）
qCBpGNv51is	638.0	美股六月第一周 周记 （2/2）
uvPW9hA9IYM	297.0	美股五月最后周评
Wmo_kHUtcMs	753.0	美股五月九日收评
UUhC_V626Kk	1161.0	美股五月第一周评
PhPlJDQQftQ	1255.0	美股滚雪球
uqBNBtVIdGE	866.0	美股走势4月25
8FKVNcYT48s	281.0	美股4月24走势
iQN38zFaH7Q	361.0	美股走势4月23
