p1-IsHRbte8	3519.0	幸福人生的入場卷-認知與知識的不同影響你一生的財富與幸福
BuRxqCRedbU	624.0	Why do others make big money investing while you lose big? Understanding the difference between c...
fD7wjgHfXtw	999.0	How to Manage Your Cash Before the Next Global Economic Crash: Don't Let Your Money Just Sit Ther...
nDJLJy6nJW0	523.0	The Only Way to Solve AI Anxiety Is Through Relentless Action: Using Isometric Exercise to Boost ...
6zAYSLnBBj0	7927.0	為什麼比特幣正在歸零途中，4年周期也不會來了？ 1.從去年底到現在我一直認為比特幣將會歸0 重點是4年周期也不會來了？ 2.買太空概念股課程的人 短短半個月內有人已經賺100多趴了
lzZGccUkkqE	515.0	SpaceX S-1 Prospectus Leaked: The Next Big Investment Opportunity After AI Has Arrived!
tcgf9jmI324	484.0	The Billionaire Paradox: Why Is Bill Gates Selling Microsoft to Buy Trash?
daLakigVLeQ	545.0	A Cash Lifeboat After a Market Crash
lCx88-R2mnI	504.0	Where to Park Your Cash for Peace of Mind During Market Turbulence
D1Qt-DZt8fk	562.0	Decoding Berkshire's Latest Q1 2026 Earnings: A New Chapter in the Post-Buffett Era
oihNUngIubc	3413.0	Last Friday's investment market was calm, but global bonds are imploding in a domino effect with ...
1952ctN1_WU	5567.0	Worms will never understand the true purpose of money.
PvusQqHkFxA	757.0	5月的今天美股新IPO挑戰輝達的創新公司未來是否會幹掉輝達！？
iP4sfF_PxQA	576.0	On May 14th, Nvidia's new IPO challenger, Cerebras, faced off against Nvidia in the AI ​​chip war.
mFfyyazd7p8	7838.0	淡江大橋12號中午11:30通車了！ 衝牛市最後一波，搶先一步搭上SpaceX IPO熱度超前佈署美股太空產業 https://oxford-vision.com/
yLX3f8DOj-c	1620.0	The AI ​​rally has ended, and the market is unsure of the next wave. People are starting to ask a...
JbUwAP4NIO4	4164.0	一個人的被動收入有多重要？ 財富自由是錢能自動生錢在本金不動下足夠支付你全數開銷。每一次小失敗最終累積成一次大失敗，每次的小成功最終會成就一次大成功。
4GeHhHPzJOA	541.0	2026 Latest Interview with Warren Buffett - The Investment Philosophy You Need to Face a Stock Ma...
eAyEItDelM8	719.0	Is this the only AI company in the entire AI market worth investing in in 2026? There's no other ...
dP8BdDrVFWo	1003.0	If Japan raises interest rates again in July: it could trigger a global financial crisis. (Commen...
u5ungD0h-3k	4852.0	底層人想翻身，就要懂得把自己的人生從有限遊戲翻轉為無限遊戲！　　搶先一步搭上SpaceX IPO熱度超前佈署美股太空產業https://oxford-vision.com/
G7jdN_lNRpc	3856.0	與誰同行～決定你一生的命運！學習老巴的邏輯看世界，後AI時代的下一個爆發產業-太空產業
AqumbNQp08E	1175.0	華爾街未來5年準備投入AI基礎建設3千億美元，加上Space X　ipo募750億美元都沒有波克夏現金多。這意味著什麼？-尋找下一個AI產業繼承人　https://oxford-vision.com/
xLp9I1YxV5c	7520.0	AI時代後的下一個大產業，太空產業開始要站起來了！投機與投資作法與想法完全不一樣～搶先一步搭上SpaceX IPO熱度超前佈署美股太空產業https://oxford-vision.com/
j21qtPxsroM	581.0	鍵盤與網路上的薄紗無法擋住現實世界中的子彈-雖遠必誅。你真的願意把身家交給網路世界嗎？
8yAFdpZayRg	484.0	最新SpaceX財報狀況分析-即將上市的美股大王值不值得投資
HiYEe1kRzfE	595.0	小心日圓升息引爆全球金融危機。久方武說過：美國的私募信贷將是引爆壓垮全球金融危机的最後一根稻草。但是的日本升息，則是被那根稻草壓垮的駱駝。
sUj-FAKUN1U	1045.0	腦科學破解拖延症，讓行動變本能
a0UmnOEik2Y	870.0	Stoic philosophy rejects sycophancy – true strength comes not from external approval or humble fl...
alBC2c0x_N8	3861.0	If the world is wrong, it's 100% your own fault! The world is here to help you debug! All the tru...
pDbYm4hPvc0	1731.0	2025 Navarre's Three Keys to Life (Advanced Version)
NZeZ2k3bGTg	1236.0	RWA: A Hidden Global Financial Storm
tXx-JbIniNI	417.0	April 10, 2026: Bloomberg analyst warns of a crypto bubble burst! Warning Bitcoin will fall back ...
QRKhkCjtNj8	1368.0	The Dying Civilization of Europe - Why is Europe Getting Poorer? Why is America Abandoning Europe...
ZM0jIsRyJkI	623.0	Naval's Three Keys to Life in 2025 (Beginner's Version)
gjxCAgsKRE4	6352.0	區塊鏈、AI產業趨勢。SpaceX即將掛牌，我們該如何坐上SpaceX等相關產業火箭追逐哪一類股票獲利發財？
3RLb8Qsv74A	1034.0	Generation Z surviving in a broken economy (Generation Z refers to those born between 1997 and 2012)
GomFpyEklH4	1499.0	A super-individual, a company with a single person generating $1 billion in revenue—has truly arr...
RiM-Cr6XU4Q	895.0	台灣無人機外銷軍工產業估計很快就涼涼了-看烏克蘭無人機教全世界打仗
Np32OXjNgsE	481.0	The Trump Pattern: Market Volatility and the Oil Strategy
w9Rd_bsHw3c	1443.0	Most people who get rich are victims of survivorship bias. Don't be fooled by survivors.
OUYQThaSst4	1131.0	ASML 營收新高卻裁員的真相
T6zmb7FzGmY	1607.0	OpenAI突然宣布關畢SORA...之前就說過在AI世界中第一個會出問題的公司可能就是OpenAI，目前它的燒錢黑洞與生存困境是...
fdw9OocBbCM	1441.0	2026 03 23 渾沌理論與資本的共舞-久方武進階解說版
z4sZ7M6_TZM	624.0	混沌理論與股票市場投資
F9IkLGmWfEQ	1299.0	混沌理論與自由意志的真相
XMD9AfhmV1o	1266.0	人類永生實驗終於開始了-從數位果蠅預示人類大腦上傳
X1blTdDKysQ	1197.0	2026 03 22 市場規則大洗牌：油價飆漲，黃金、比特幣的避險工具卻下跌，那星期一開盤會如何呢？（久方武解說進階版）
Wb_yrFoDQPc	483.0	上星期五市場規則大洗牌：油價飆漲，黃金、比特幣的避險工具卻下跌，那星期一開盤會如何呢？（一般版本）
xxtxAnoGcK8	822.0	奇怪了明明美伊在打仗，為何黃金在亂世中下跌？
F8ZjLgmbB6k	1606.0	2026 03 19中東衝突如何透過油價改寫聯準會的降息路徑？久方武進階解說版
y24GBGpvc8g	1298.0	為何原油大漲，黃金卻大跌160美元、比特幣也下跌雙雙成為提款機？
UKxiIJCmjtQ	1354.0	111美元油價撕毀降息劇本
1ROJCZeBgDw	5678.0	為什麼一定要追求財富自由？ 你才有對他人say NO的底氣
7Wof9trMpbQ	1587.0	Claude Code enables Muggles to write programs.
iwsiWxHIYw4	1159.0	2026-03-17 債台高築，為何美元依舊稱霸？ 久方武進階解說版
_P56Vig-FkU	5216.0	貪婪與恐懼皆是並存的相生相剋 越早看清你內心的欲望越容易實現
bb-Rso3wfus	1289.0	奪回AI時代主控權
MUzhamVIFcM	195.0	2026 03 15 比特幣站上70000美元以上已經一小段時間，未來是否有機會大反彈？
pv1nCS-KWA4	12066.0	你們這些蟲子對於女人的貪婪與妄念程度比久方武多100倍！
H-OJ5JQZsME	10739.0	要判斷一個人是否能交往太簡單了-看他對你是否是精神耗損還是精神熵增！ 柏拉圖地穴中的哥布林！
Zqr-KIeIQF4	7983.0	有限遊戲與無限遊戲的認知人生觀！越早理解、越早知道，越快發財解決掉人生各種問題
W8y-vlc-FZw	447.0	債台高築，為何美元依舊稱霸？（一般版）
TRd3XTuZRDA	927.0	人生是一場無限賽局
cgPL8o1xUd0	1129.0	X Money's 6% interest rate challenges traditional banks
A_WRPUeVOoE	4395.0	高雄藝博展覽預展特別直播-久方武與楊宗翰展覽請大家支持！
y3UYeVZoL30	1537.0	The truth behind the AI ​​that leads to thousands lining up to raise lobsters!
Aejt3OdoicQ	1408.0	別被光環效應騙了
lIwNT_M4jLA	361.0	能源 vs. AI：新的全球軍備競賽
YVG8bb1mfn4	342.0	SpaceX IPO1.5兆美元估值的謎團
0-DviUtmzrs	1274.0	AI computing power and the power war behind it #HotTopic #Wealth #TSMC #AI #Podcast #MPFInvestmen...
0kPcuLhp9eU	8410.0	一句話可以幫你點亮一天 也可能是壓垮自己的最後稻草
vwZJ4FPr_Lw	620.0	Oh my god, TSMC is down NT$100, and the Taiwan stock market is down 2,000 points. The struggle be...
tOL1I08FBC0	1482.0	Survival Strategies for Non-Standardized Products: Escaping AI Median #WealthFlow #Wealth #Games ...
oyyC49GmFAk	1210.0	Reject being a mediocre NPC with ultimate taste.
P4f57A6e9iQ	6213.0	職場危機與翻身-拒絕再當社會 NPC！
yaN9gsqA24s	6657.0	元宵節放風！ 2026年就是自我救贖的一年！#財富 #財富流 #財富自由 #podcast #投資心法 #投資 #分享 #強積金投資 #股市 #buridan #
lGrXbXfRvbQ	349.0	On March 5, 2026, Bitcoin rebounded strongly to 74,000. Is this for real this time?
F6iaC98VqSI	953.0	Good heavens, a killing spree! One death after another (1494)! Greed and fear in the Taiwan stock...
E6gGkhnlHac	459.0	Jiu Fangwu's underlying logic
JN6z0UWWSuw	1046.0	How to overcome decision paralysis #wealth #wealthflow #financialfreedom #podcast #investmentmind...
Sz3gfcEvyr8	1146.0	A prime example of building a billion-dollar personal business single-handedly in the AI ​​era - ...
WP_lzUphhb4	1235.0	Reflexivity Reshapes Reality #Wealth #FinancialFreedom #StockMarket #InvestmentMindset #AI #Wealt...
ZiEQI0Huonk	226.0	March 2, 2026: What is the simplest methodology for making big money through investing? Is it sup...
ewn5i6l2Y1Q	1248.0	馬斯洛需求與財富的關係 #財富 #財富自由 #股市 #投資心法 #ai #財富流  #台積電 #tsmc #nvidia #美股 #openclaw
3YV9ksWuTso	5279.0	今晚來聊個高級的：財富自由最大的意義不在於財富二個字，而是『自由』兩個字～
A5SNIIGHnWc	1218.0	A topic attracting over 100 million followers: Rewriting one's humble origins in a day - How to r...
Uu7OnrU9MMg	640.0	What impact will the formal US-Israel conflict with Iran have on the Taiwanese stock market and e...
luddA_eFbmw	389.0	2026-03-01 How could Bitcoin possibly go to zero with so many Bitcoin ETFs?
GNmXnyeKXzI	1112.0	The Iraq War Reshapes Silicon Shield #Wealth #FinancialFreedom #StockMarket #InvestmentMindset #A...
h1JZS_ZDpQc	981.0	LLM Extreme Engineering Large Language Model #Wealth #FinancialFreedom #StockMarket #InvestmentMi...
9bAbIcj2bFQ	930.0	Terminal Small Model Revolution #Wealth #FinancialFreedom #StockMarket #InvestmentMindset #AI #We...
BoJYeQwsGQI	1245.0	The Feynman Learning Technique breaks the illusion of knowledge #investment #investment #wealth #...
_Tq7uP122ac	1368.0	OpenClaw Fully Autonomous AI Avatar #Investment #Investment #Wealth #FinancialFreedom #StockMarke...
_WS9Jo5VLd4	1288.0	The White Bear Effect - Don't Think About That White Bear #WhiteBearEffect #Investment #Investmen...
SgUPmSMlwuU	587.0	2026 02 27 比特幣有沒有歸0的可能？
dqD6dMDAvFE	1400.0	The survival threshold that crushes the middle class in China and the US - Will Taiwan's middle c...
RyL0alFUjX0	497.0	信息差、認知差與執行差決定一個人走向成功或失敗！ #投資 #投資理財 #財富 #財富自由 #股市 #投資心法 #ai #財富流  #台積電 #tsmc #nvidia #黃仁勳 #輝達 #美股
W_YBRaIIGsA	508.0	不要抱怨、不要抱怨、不要抱怨-吸引力法則的底層邏輯 #投資 #投資理財 #財富 #財富自由 #股市 #投資心法 #ai #財富流  #台積電 #tsmc #nvidia #黃仁勳 #輝達 #美股
Olr3oAem7OY	6440.0	永遠、永遠、永遠不要原諒他人～ 因為曾經傷害過你的人、看不起你的人，他們一開始絕對就是惡意的！
bO0-yb75qE4	4479.0	AI時代可怕的降臨了！
ud5clc1cqKM	6869.0	今晚來聊個非常高級的：何謂介入他人因果？
ZdRJayb5pHo	1217.0	chamath palihapitiya 查馬斯硬核致富法則 #投資 #投資理財 #財富 #財富自由 #股市 #投資心法 #ai #財富流 #tsmc #美股 #chamathpalihapitiya
CsMLvAOzbv4	1260.0	為何納瓦爾寶典是年輕人必讀的書-不靠運氣的致富心法  #投資 #投資理財 #財富 #財富自由 #股市 #投資心法 #ai #財富流 #tsmc  #navalravikant #美股 #納瓦爾
yQMmM7nO66w	1298.0	2028年AI終結白領高薪時代  #投資 #投資理財 #財富 #財富自由 #股市 #投資心法 #ai #財富流  #台積電 #tsmc #nvidia #黃仁勳 #輝達 #美股
BuenMIRVi14	1470.0	靠AI打造一億美元一人公司 #投資 #投資理財 #財富 #財富自由 #股市 #投資心法 #ai #財富流  #台積電 #tsmc #nvidia #黃仁勳 #輝達 #美股
0zyfeu_PyqQ	481.0	February 24, 2026, 11: Why was I able to successfully predict the current Bitcoin high of $126,00...
13RKqBU2w9g	1232.0	Which side should we bet on: Nvidia or TSMC? #Investment #Investment #Wealth #FinancialFreedom #S...
EnNWwrTHt3Q	1146.0	OpenAI's trillion-dollar IPO: A high-stakes gamble #investment #financialmanship #wealth #financi...
bCvIUfBbNrU	995.0	Anthropic's digital workforce ends the SaaS era #investment #investment #wealth #financialfreedom...
UHrKK9hYWiU	1697.0	Elon Musk confirms SpaceX is planning the largest IPO in history. #investment #financialmanagemen...
ErLC5i8nzIE	1012.0	Reclaiming brainpower for upward mobility #investment #investment #wealth #financialfreedom #stoc...
OiV3x6pqrLY	1187.0	Why did the "copycat master" suffer such heavy losses? #Investment #Investment #Wealth #Financial...
N-rNZklfdYM	5415.0	財富指揮官黃靖哲分析師 全球變數不斷，台股馬不停蹄．．穩？不穩？#投資 #投資理財 #財富 #財富自由 #股市 #投資心法＃AI #財富流
Ye8Qv6ZfyYU	5995.0	1.貧窮的本質-第一桶金的累積困難度跟吃大便是差不多的 為什麼你賺不到錢？不是你笨，是你是自以為聰明 2.2026年將是拉開人與人之間階級距離最快速的一年 下一波的炒底資產隨隨便便我都可以翻10倍以上
5afSVWrtRCQ	4185.0	當老闆、投資賺大錢都是百分之一以下概率選之人 歐洲經濟爛到爆-人都要為自己的無知買單 世間上所有的人、事、物用租賃的方式最划算#投資 #投資理財 #財富 #財富自由 #股市 #投資心法＃AI #財富流
M2Yj9L7YloY	507.0	Key factors determining wealth disparity in the next three years... #investment #investment #weal...
DAC5A6clraI	11819.0	新年特別講堂：1.新的一年開始要懂得向女人學習社交與說謊2.當老闆、投資賺大錢都是百分之一以下的天選之人 3.歐洲經濟爛到爆-人都要為自己的無知買單 4.世間上所有的人、事、物用租賃的最划算
gyWoERT_JoI	5023.0	嚴重警告：男人一旦想女人一定影響拔刀速度 1.驀然回首身邊皆是可憐人
gRYNFdTY2MY	893.0	February 14, 2026: What is the true nature of gold? Throughout history, gold has been the most po...
d0kNwSSsNrA	557.0	深度復盤2026年-財富翻身的底層 #投資 #投資理財 #財富 #財富自由 #股市 #投資心法＃AI #財富流
yZgX5DaSBgM	540.0	馬太效應與財富的關係 #投資 #投資理財 #財富 #財富自由 #股市 #投資心法＃AI #財富流
KcTFy1P5P4c	553.0	沉默成本與財富千絲萬縷的關係剖析#投資  #投資理財 #財富 #財富自由  #股市 #投資心法 ＃AI #財富流
zXAO9MPzBoE	4503.0	台灣ＪＡＭ與世界AI發展的應用方向有哪些？#投資  #投資理財 #財富 #財富自由  #股市 #投資心法 ＃AI #財富流
tkyhS9x8AZg	514.0	Tail Risk - Why do 99% of investors lose money at the end of a bull market? #Investing #Investmen...
HiSEMvCPdMc	487.0	The Middle Class's Three-Piece Anti-Poverty Kit #Investment #InvestmentManagement #Wealth #Financ...
Psx4dPoXGyM	542.0	February 7, 2026: A recap of February 5-6: Why did Bitcoin, gold, and silver all experience a sha...
VyVnSRkhakE	6908.0	牛津視界財經-2026震撼一週：當避險不再安全，我們該躲去那？ft. 財富指揮官黃靖哲/資產規畫專員Cindy Baby #投資  #投資理財 #財富 #財富自由 #股市 #投資心法 ＃AI #財富流
WgjHFzmulQU	490.0	The Prisoner's Dilemma: The Ghost Hidden Behind Wealth #HotTopic #Investment #Investment #Wealth ...
H4-xe2eEvTw	584.0	The Relationship Between Antifragility and Wealth! #HotTopic #Investment #Investment #Wealth #Fin...
SK2H436OTwo	4537.0	確認偏誤以及外部歸因-一樣米養百樣人，命運真的是天註定#熱門 #投資  #投資理財 #財富 #財富自由 #財商 #財運 #致富 #股市 #投資心法 ＃AI #創業 #愛自己 #金錢 #正能量 #財富流
yhCU9lZ3ovw	554.0	Anthropic ignites Wall Street, a new concern for the software stock crash #HotTopic #Investment #...
e1XEROqx5ec	201.0	February 5, 2026: Where will Bitcoin fall to this week? What will be the bottom price for Bitcoin...
kcAiX7qdVKs	718.0	Meditation - The Key to Wealth Enhancement! #HotTopic #Investment #Investment #Wealth #FinancialF...
ip3r3l5d0Hs	612.0	揭開媒氣燈效應！#熱門 #投資  #投資理財 #財富 #財富自由 #財商 #財運 #致富 #股市 #投資心法 ＃AI #創業 #愛自己 #金錢 #正能量 #財富流
vOgO2EIrQQc	737.0	Why does loss aversion sometimes lead to significant losses? #HotTopic #Investment #Investment #W...
h_3602XdRVc	648.0	9 Signs Your True Love is Coming #HotTopic #Investment #Investment #Wealth #FinancialFreedom #Fin...
NdLXO6IDnVo	584.0	Survivorship Bias and Wealth - The Truth Hidden Beneath the Surface #HotTopic #Investment #Invest...
d357Tpg05A4	4414.0	2026年就是修身養性的一年 耐心等待全球經濟天譴的降臨-後AI時代的經濟亮點是什麼？#熱門 #投資  #投資理財 #財富 #財富自由 #財商 #財運 #致富 #股市 #投資心法＃ＡＩ #創業
Kh9pK_Yy0dw	687.0	The post-AI era will be characterized by a large number of individuals running companies valued a...
Tunst3lGaIo	4623.0	全世界營養密度最高的食物-以後可能再也不用吃任何補劑、許多慢性病藥也可能也可以不用再吃囉！？#熱門 #投資  #投資理財 #財富 #財富自由 #財商 #財運 #致富 #股市 #投資心法
8LVdtP9emog	664.0	The delicate relationship between the collective action dilemma and wealth investment #HotTopic #...
RbwN8-RZWHo	616.0	Exploring the subtle connection between the Dunning-Kruger effect and wealth #HotTopic #Investmen...
p2SaaJWcHXQ	930.0	王陽明哲學與財富-跨越時空的啟迪#熱門 #投資  #投資理財 #財富 #財富自由 #財商 #財運 #致富 #股市#正能量 #投資心法 #王陽明
2t-_qxdXAug	545.0	January 19, 2026 Long-term strategy of energy giants (Buy secretly if you like; don't tell anyone...
G9fzTSFD3Ts	8317.0	生命最終都會結束任何人皆無法避免 但你仍然擁有生命過程中的解釋權 在極短暫的時間內你依然可以得到完整的幸福 幸福根本勿須用烏托邦式的天長地久取得
k5As8B1NMKY	448.0	January 2026: After you earn your first pot of gold, should you buy a luxury car or a house? #Hot...
gaJPAOyRF70	319.0	In the post-AI era (January 18, 2026), which of the seven major US stock market giants will thriv...
rXxcFdSHxhs	6317.0	無意間挖掘到一個把妹的新聖地～ 更無意間發覺到如何篩選女人的方法論～
ihhRXOLITu8	9106.0	你會失去的，都是本就不該屬於你的！
M86SWdGNKdo	509.0	From the Stars to Wealth: How the Macro Effect Reshapes Your Wealth Creation Pattern #HotTopic #I...
JJwkh0MJD1U	511.0	Stop believing in the 10,000-hour rule. Why iterative effort is the underlying logic for ordinary...
k8k73TqW4nk	8858.0	台股、台積電持續創新高。股票該如何處理？ 讓財富指輝官-黃靖哲分析師來告訴你！#熱門  #投資 #人生感悟 #人生哲理 #人生智慧 #投資初心者 #投資理財 #財富 #財富自由 #財商 #財運 #致富
QyTy0f1aHbQ	566.0	2026年台灣房地產市場：碎心戀？量縮盤整下的投資求生術#投資理財 #財富 #財富自由 #財商 #財商思維 #致富 #財經 #財經新聞 #房市 #房地產 #房地產投資 #房产
4QSN3YEEuPU	719.0	2026 is poised to be a "super IPO year" for the US stock market. The first company on this year's...
nfccLue4XYo	520.0	Let Money Come to You Automatically: The Falkland Law and the Profound Logic of Wealth Growth #Ho...
ifrH6vRVBek	537.0	Let Money Follow You: The Walsh Rule and the Ultimate Logic of Wealth #WolsonRule #HotTopic #Inve...
wo6dFf1I7dI	739.0	Deconstructing Gilbert's Law—Why "No One to Tell" is the Beginning of Wealth? #GilbertLaw #Trendi...
rzGhUf9xO-Q	6811.0	普通人賺錢是否有捷徑答案當然有？那就是少走彎路，可是普通人之所以為普通人因為他看不懂什麼是彎路什麼是直路！ #熱門 #人生 #人生感悟 #人生哲理 #投資 #台股 ＃#情感#正能量#股市
9jTuVJMVetw	555.0	The "Microscope" and "Navigator" of Wealth: In-depth Analysis of the Inevitable Connection Betwee...
87BsM37qBZ8	667.0	From Misfortune to Wealth: A Deep Dialogue Between Murphy's Law and Wealth #Murphy'sLaw #Trending...
9eM4JLOWrHg	577.0	The Invisible Scythe of Capitalism: Deconstructing the Brutal Survival Game Under the "Survival K...
VWwVO0n0f8k	508.0	2026 Microsoft Global Operations Strategy and Investment Value In-Depth Research Report #USStocks...
K6rxm2sZYhA	4128.0	美國最新飲食指南出爐，觀念完全大翻轉　#健康 #健康飲食 #健康生活
gejmYgg6oPY	910.0	2026 MediaTek (2454.TW) Comprehensive Operational Strategy and Global Investment In-Depth Report ...
8Am3NXAGEL0	418.0	TSMC (2330) 2026 Operating Outlook: Moving Towards the Era of 2nm and AI Scale-up #2330TSMC #HotT...
QN_eDIESIOQ	367.0	2026年輝達（Nvidia）公司營運展望概述#熱門 #股票 #美股 #輝達 #英偉達 #股市 #投資 ＃
8jZ9lbAt4_w	45.0	TSMC's US ADRs continued to rise, while Venezuelan crude oil prices continued to decline due to p...
BnnfnTO7vN0	5218.0	2026一月份台灣JAM報告
-lVbCyXvGeg	519.0	The most important advice for the 2026 Chinese New Year: Cash is not just cash, it's a future opt...
sC9-Mj--UhI	5179.0	世間上大多數的知識份子一輩子窮逼的原因是什麼？答案很簡單，因為他們不願意接受世界運作的規則！滿腦子是被統治者灌輸的垃圾思想！
DVYfyFSpANE	5816.0	あけましておめでとうございます。 如何才不會被女人社會老闆親友PUA？ 當你成為社會電影反派思維主角後 你會發覺這個社會終於變正常了～
g81oXa0xXCk	4301.0	跨新年了!但是新想事成只是騙人的自慰 起而行讀人才會有希望
_AE_j_OukHA	7116.0	財富從來都不是目的、自由才是！ 為什麼你現在還沒成功發大財？ 為何家族的興起一定要有三代人的努力 1.生存焦慮-追求穩定  2.對被愛的執著  3.找到克服家族枷鎖的生存模式與解決創傷心理
Mh_tzcvAAC0	6068.0	人生如何得到財富與幸福人生-進化進化再進化 選擇思維成長型伴侶，不要選擇思想固化型伴侶 為什麼這樣做你才能得到思想複利
Vgjb6nckrZY	588.0	What form should liquidity take before the market crash of 2026? (December 28, 2025)
xEI5iuujlSs	245.0	December 27, 2025: How to become a perpetual winner? Is it truly possible for an investor to alwa...
NBkPuFI6vSI	6159.0	做人最難的一點就是認知到自身的處境 為何一堆人投資會失-情緒風控失效的人類 人類大腦有確認偏誤-本能排斥不喜歡的事 只想聽好聽的話-排斥所有自身不喜歡的信息 人的大腦會刻意忽略挑戰自身堅信的證據
HQLWRB7QUB4	6942.0	久方武從查理芒格與巴菲特學到什麼真傳 投資玩得是一種認知套利 高手會贏不代表能力與智商好而是懂得閃躲 輸家只會盲目硬幹 高手最終用時間熬死對方！
XoQHys0v-a0	2865.0	台灣JAM20251218報告
vRQIxLn9MAA	3457.0	The human stories depicted in movies are actually true.
GzDo9TQzjzs	3540.0	The internet age was all about equity investment; the AI ​​age is all about debt investment. If i...
4oUPJdpz38g	6639.0	其實美聯儲從2008年到現在從來沒有停止QE
dQBf7UwB_Wo	3781.0	黃老師許你一個台股未來
kpA2EwPczno	3923.0	20251211台灣JAM報告
qUvJDeR92XY	235.0	2025 12 10 Phala to Ether Supplementary Notes
LpU8Ghucyzc	538.0	December 8, 2025: Are stablecoins USDT and USDC really safe? If so, how should we deal with them?
W7gVxPo8TVQ	608.0	December 8, 2025: What does Japan's impending interest rate hike and the US's planned interest ra...
xV5Ydpiw-J4	3465.0	Any man who chooses to live a life of complacency will face significant risks in his life.
5gNmjkQDklI	3524.0	Taiwan JAM Report, December 4, 2025
b08_6r4VWbU	8511.0	我完全不相信算命但卻相信人可以改命 看許多專科醫生最終得到他在專科看的病 明明醫生救人做好事為何沒有得到福報好報呢？ 如生理、心理救人無數的知名中醫師倪海廈59歲未滿離開地球 業力與怨力的量子糾纏說起
5qyfnhm9dAs	5700.0	本輪加密貨幣世界傻逼人們所犯的最大荒謬 把充滿希望中毀滅誤判為半信半疑中成長 任何人能賺到的錢皆無法超越他的思維邊界
jk8Fu7EO_dw	6793.0	Nvidia的AI死定了，一定會被谷歌或其他TPU系統消滅 現金的魔法到底有多強大？ 不介入他人因果最多點到為止  用慈悲看天下,天下皆是可憐人 用因果看天下,天下無一可憐人
nqZo03DAtU8	479.0	December 1, 2025: How to consolidate PHA from Polkadot to Ethereum (Little Fox) PART 1 (PART 2 wi...
7sC1jTtLkCE	4128.0	比特幣正在做最後的垂死掙扎！ 但～無用啦～一切已經結束了～
drfBzY6qhns	4877.0	20251127 台灣JAM報告
FUMjKj8pJe8	4025.0	財富的累積並非做對事情 而是不要做錯事 許多YT博主依然在說Ai公司賺很多這次不一樣 久方武看到此擦鞋童的說帖就知這一次將一模一樣
S0fa1XfnSvE	4754.0	世間上任何人都會為自己的愚蠢買單 君子不立於圍牆之下 在本輪大熊市中一定會有許多人破產 你認為這些破產人未來能再站起來嗎？ 一個殘酷的答案99.9%站不起來，為什麼？ 為什麼我們要大量學習財務認知？
-a1w_h_weaQ	734.0	November 25, 2025: Why did I sell all my Bitcoin at $126,000? What caused me to sell it? I had al...
9lTw0zkxfUE	960.0	November 23, 2025 When a major market downturn hits, there's only one key point: what should you ...
AdiCxNBqiY4	6515.0	聰明人跟智慧人差距有多大？你會選擇當哪一種人？
YgtifHKd-6E	4863.0	20251120 台灣JAM報告
njP6RkiCpR0	9236.0	比特幣與乙太幣創新低～你有何感想～
dfVACklGgvo	3382.0	讓你自己成為自己的父母 成人要長大就要學會自己教自己
oLcSk3yNWrE	4804.0	為什麼你窮？因為你沒有搞清楚科技、科學與資本之間的哲學關係！ 這一次真的會不一樣嗎？
RaIvKJw_nBE	961.0	November 17, 2025: Why I gave up long-term holding of Bitcoin and sold off my entire position at ...
ovt12qlwdLg	4604.0	20251113台灣JAM報告
xeU5SjxGwjY	506.0	On November 12, 2025, after Polkadot 2.0 went live, the method for transferring ACALA to a JS wal...
eEeY-imGv1U	3082.0	給自己人生一個翻身的機會 做好投資的第一要務-先投資自己。投資就像在黑夜中開著車走一條未知道路 新手與老手都不知道前面道路是如何 老手憑藉著豐富經驗避開所有坑 新手掉入萬丈深坑懸崖成為禿鷹盤中的韭菜
7qheYG_vGH4	3743.0	不糾結、不戀戰、不死嗑 記好人生的主線任務：將軍趕路不斬路邊小野兔。
Q9_IjMiE3ko	2800.0	2025IT初階課程https://www.facebook.com/share/p/1BfY7UaEpC/ 最好的交易機會是等出來的、不是找出來的。如果你是在多頭時才找來的機 最終都是陷阱而不是機會
Qmgnas-xzZE	598.0	2025 11 09 緊盯美聯儲升息降息QE、QT時你已經輸了，任何總經預測最終都與市場實際狀況脫節？
Juy280wlJF4	371.0	美元世界的真相...全市場都說美國印鈔導致美元不值錢了但為何美元對全世界貨幣卻越來越強？
uTTc895C0sg	8047.0	2025 IT初階課程: From Zero to Ship報名開始  20251106 台灣JAM報告
Jl_jRdyztfE	6738.0	成為真正高人的三戒： 戒解釋的慾望 戒證明的衝動 戒改變他人的妄想！
LDc96ugq-_Y	5988.0	認清自己＋認清世界＝創富世界
d1ZIuQtKPt8	6411.0	1.當你慢慢變富後很多思維也會隨之改變 特別是對吃這一件事 好吃鬼的底層人個性也一定會改變。 2.讓久方武來告訴你賺大錢的底層邏輯吧～
Vi6zQsdfE1E	4429.0	20251030台灣JAM報告 初階IT研習課程擬於11月15號舉行
2rxu1aPJ2Lg	3500.0	20251029為何美日股票同步創新高？你知道原因居然是稀土問題嗎！
Rh8bT8b7EBs	4495.0	人生要懂得從生存模式到創新創造模式 初階IT研習營延後一星至11月中旬舉辦 暫訂於11月15號星期六13:30台北實體課 無法到者網路學習或回看影片
PZLLFnlDFwQ	6411.0	男人不要整天只會抱怨只會哭的沒出息 做一個堂堂正正A紅幹的台灣男子漢 賣紅幹的男人其實比雞更低賤百倍 聊聊AI大泡沫！ 股票機會跟產業機會絕對會是兩碼事
_-lfigdyzvU	407.0	2025 10 26　誰會成為真正的數字黃金？是比特幣還是黃金ETF呢?大多數的市場人永遠只會追漲！
R71nW1NorV4	252.0	2025 10 25 黃金崩盤的時間點可能已經近了!?倫敦紙黃金與實體黃金的數量比已經來到驚人的133倍實體黃金更是詭異的比未來期貨更高
wlegE0mW820	2949.0	1.20251023台灣JAM報告 2.初級IT課程擬於下星期開始報名 10月底前早鳥優惠11月恢復原價 課程將在每星期六連5週在台北實體上課 無法親到者看錄影回播 擬於11月8號開始第一次研習營。
LS-tUxFiTDM	257.0	2025 10 20 當老二橫行時候就是市場將結束的訊號如加密貨幣之乙太幣，貴金屬之白銀
LdS2utn0TzM	544.0	2025 10 17 17 今天比特幣又大跌了。為什麼本次加密貨幣我久方武全部成功逃頂！我看到了哪些隱喻式的信號？另外，USDT脫勾的啟示是什麼？
DdmDGUfAZUU	414.0	2025 10 17 白銀破54美元黃金破4300美元雙創新高，可投資？避險工具的選擇是什麼？2.美國小銀行開始出事了這是金融危機要開始？你看到一隻蟑螂時代表看不到的地方有更多蟑螂。私募信貸快掛點囉！
kRXF6hajp64	466.0	2025 10 13 1.為什麼利率降低時反而要大量賣出投資資產?2.你知道在低利率景氣差時擁有現金有多爽嗎？耐心等待炒底時刻到來，在不景氣時唯一要幹的事是...
7TuRGdsmEiw	736.0	2025 10 12 在10月10號加密大屠殺中為何DOT直接超跌至0.6多？
cW67tnXmY2c	774.0	2025 10 10 為何比特幣在2025年的上漲周期不如預期？長期原因與短線原因久方武都已找到了！今天一次解答給大家聽
R4sZfth4gxE	366.0	2025 10 06 久方武之前說得125000刀比特幣高點到了,本輪的高點就是現在了？
M96F2gYyTWc	546.0	2025 10 05 黃金漲那麼多了現在可以買入嗎？黃金能成為避險工具應對全球經融危機？此刻避險應該買什麼東西最好？
DYfLysvyrZs	6444.0	要是你學的東西真有用，那你早就發大財了。學東西的目的真的就只是為了賺錢，賺錢的目的就是為了好好的生存！其他都是假的！學校當然不會教你如何生存，因為它自己也要生存。不坑你，那坑誰啊～
sJcC3Oy50IE	6381.0	食慾很難克服、性欲極難克服、虛榮欲無法克服。這就是為何世界上許多人都好為人師的原因。
OPaNW2-AWzY	10238.0	面對現實吧！人生的劇本永遠不會如你的意 1 美股瘋了啊！美聯儲主席包威爾居然出面痛罵美股 2 美股崩、台股必崩，AI崩、台積電必崩，台女末日近了 3 每個人都嘴泡說要做自己，最後還不是賣紅幹的做別人
rFviyCmSsJQ	606.0	2025 09 27 為什麼現在比特幣市場非常不妙從穩定幣數量與ETF關係式就知道囉～
gqvJ8AjXqYc	4404.0	虧錢最大的原因不是市場而是你自己內心的心魔
2yjIOXkKB4I	8881.0	20250925 JAM報告
rOijQ7oElu4	4342.0	1.穩定幣依然沒有美元安全 2.穩定幣發行量不如預期讓我有強烈的警覺性。 3.MSTR跌破年線呈空頭排列。 4.比特幣已經進入4年周期，仍不見創新高。越來越不妙！ 5.連CZ都覺得這一輪好像有點怪怪的
MJTdEZM5jfA	4541.0	20250918台灣JAM報告
JYyq0Ssz3_4	4768.0	底層的蟲人比中產更容易進行階級躍遷 思想鋼印的可怕之處禁錮了多少人 常用『可是』的人都是被思想鋼印的可憐人 投資者追求長期獲利投機者追求短期獲利
tviTRePcZMc	616.0	2025 09 17 股神巴菲特為何要連11季賣出囤積近3500億現金？為什麼不要集中現在的一季或一個月再賣呢？其實總經再強對投資成績毫無任何幫助
GGCORFpLdg0	4602.0	2025富邦印象派展覽
SpJbOmlQYwo	4645.0	20250911台灣JAM報告
GrgKiZTt_yg	7703.0	該如何面對即將到來的全球金融風暴？ 拉黑、刪除與封鎖你內心的心魔與焦慮！為何從上個月開始我每個月都要出國旅行～
yLdIg8aOWi8	5966.0	其實你跟貝佐斯與馬斯克二位世界首富的生活差不多。甚至還超越。
7SerHOHtTTA	4440.0	為什麼我現在就已經開始逃脫，而不選擇在未來拉盤時再逃呢？那不是會賺得更多嗎？你真的有把超前部署放入你的大腦嗎？還是當口號放屁呢？巴菲特連11季度賣出美股，我現在才賣有過份嗎？  他人即地獄
kF49xZqcmd8	4610.0	20250906來逛逛北美館看看藝術妹
Haft25qQfwA	11072.0	使用升息、降息、QT（量化緊縮）、量化寬鬆（QE） 判斷投資環境最終都將徒勞無功。
JKd6-lzc1ZA	7366.0	聊一下當代投資學 查理芒格投資思想的對與錯
MNjdymyO1cc	3315.0	20250828台灣JAM報告
ALncUAyt2Lk	9030.0	1 今年投資我最悔恨的事就是在年初元旦時，沒有完全聽從久方武說的山寨幣多頭已過的預言清空dot。2 為什麼久方武說通膨與通縮其實是同一件事。
XuTx35WcIt4	6475.0	20250826透納展覽
xuGIpbCgkTc	686.0	2025 08 25 投資的歷程： 一開始你會研究線圖 線圖走不下去後你會研究總經 總經走不下去了你會研究政治 政治走不下去了你會研究人性 人性走不下去的你會研究哲學 最終你找到哲學的終點是虛無
Rc-R3Y8s_pE	4118.0	比特幣ETF的通過 其實是山寨幣的災難
YUbZShaAuNw	4298.0	20250821台灣JAM報告
yRsowtV1KcA	1104.0	2025 08 21 為什麼山寨幣的大多頭早就結束具體該做什麼事？唯一支持～汰弱擇強
38r-rKmNP8k	1091.0	2025 08 20 比特幣4年一輪的周期即將進入9月，本輪比特幣與山寨幣還有行情嗎？
hXSNoKhcxUc	8577.0	今晚不聊金錢，來聊聊心理健康與生理健康！然後才能健康發財。
UEEd5C5pjEs	717.0	2025 08 17 比特幣ETF充值者到底是誰？萬一入金者入金狀況減少呢？ETF法人真不會像散戶大幅拋售嗎？
QioFp7Fm1Fk	8480.0	表參道的夜間食物來吃一下表參道之丘3樓的築地壽司
fhIas3wJsgg	1959.0	比特幣破124000美刀再創歷史新高。久方武認為比特幣最終會漲到1600萬美金。 這讓我想起當年黃金我買在每盎司254到256美刀中間總共買進4公斤，當時我憑藉的邏輯是什麼呢？
EcbAqEjSXr4	470.0	2025 08 12 要開始小心本輪全球經濟投資AI與比特幣之滅燈時間推論
BTxfWRqQm68	7381.0	20250808 台灣JAM進度
XJXlIlwN6ow	3573.0	（下）夜深了但我想去看看東京鐵塔 搬到六本木與麻布十番的交界處了！ 台灣JAM星期五晚上再開
QeV61YeBxA8	2346.0	（上）夜深了但我想去看看東京鐵塔 搬到六本木與麻布十番的交界處了！ 台灣JAM星期五晚上再開
Ty5xcHGVCMo	6830.0	1 為什麼我不會買日本房地產 為什麼我放棄申請日本永住 永住是一種騙局對台灣人不利 2 為什麼你的吸引力法則無效
6nFEspZxA34	9346.0	逛一整天表參道 我對櫻花妹改觀啦
Vor5zeE8V68	4503.0	在藍瓶咖咖廳喝抹茶！全日本就3間藍瓶有！
LVhNYrKrEaM	607.0	2025 08 04 台女優秀的超前佈署注射
ZYVgVOvq0tk	7956.0	來逛逛表參道一下！吃一下聽說是東京第一名的鬆餅早午餐
MKskuCQ59i4	8870.0	到東京都了第一站目黑，下一站要來住麻布十番
aUzJUkKwvSk	10272.0	20250731台灣ｊａｍ報告
wErqu7IQ208	5002.0	台北故宮大都會展覽開播了
soakpTUvyTk	14.0	西班牙海鮮飯把它改成伊比利豬，很不錯！
oTppTVbKkmQ	5398.0	做一個A紅幹的男子漢，不要丟父母親、歷代祖先的臉。永遠記好了：花若盛開、蝶自來。只要你平常有所準備，金錢美女必定自來
7EXbX1rSfuc	7847.0	今日（26/07)統一集團生活商場DREAM PLAZA在信義計劃區開幕了，來看看有無什麼好樂趣！
c8IVQXrx-wI	42.0	再買一個滑鼠筆來取代滑鼠，這樣子手比較不會得到網球肘！使用滑鼠太傷手部了容易受傷，我都是使用買這些電腦筆來取代滑鼠的
bhQElCSmtDQ	3644.0	2025 07 24 台灣JAM報告
8wlZIiJotuE	114.0	本輪加密牛市可能會出現不同變化？有哪些新的變數加入？
0MZXE9G4524	5781.0	有福報的人將會在45歲之前經歷人生很大的磨難！     下期YT高級會員預告： 多年後美國政府會不會大量賣出比特幣？從會計學角度來看那就再清楚不過了！
ULGlQ7CJqfc	1433.0	多年後美國政府會不會大量賣出比特幣？從會計學角度來看那就再清楚不過了！
54dForKdb-I	3603.0	20250717 台灣JAM報告
c2bx3pkzVBQ	7897.0	反正來都來了！奈良美智矇朧美一下
NUJrEz1sSrI	9982.0	施恩圖報本身就是一種極度的貪婪！
e_cZXL_hOCY	6552.0	認知決定你未來人生的一切。往後新的JAM原始投資會 僅在YT『認知進階會員專區』公告，沒有填寫本次投資意向書者未來任何投資將全數被排除
68hH1pB49YA	467.0	2025 07 13 為什麼現在消費我只刷比特幣
HS-7dwqAi_A	5336.0	以後若有新的JAM原始投資會 僅在YT『認知進階會員專區』公告
rnlRnOrWNkM	375.0	20250711Grand Stone JAM NO 1 Venture Capital foundation 申請可能意向調查書
KaMX6ufznjQ	11314.0	Grand Stone JAM Venture Capital  申請可能調查書
WPIOEVIpGiM	5919.0	202507010台灣ｊａｍ報告 信任、信用、靈魂投資法
Y-800a0ngqQ	12231.0	世界上居然有比長期價值投資更屌的想法 那是
SJxlvNi4I_A	4466.0	花若盛開蝶自來！ 金錢愛情親情階都是如此。投資的世界一直在改變你跟上時代沒有？
o-L91k4Hyfw	470.0	2025年加密貨幣還有幾次逃命機會
gmUcEk4HIHk	608.0	2025 07 07 Solana JAM一旦搶先入市市場會產生何種恐怖影響？
jZJh4Oevu4A	1024.0	2025 07 06 20JAM概念幣可能帶來全新投資機會但是能夠享受巨額利潤的人是極少數
djaoct_j3jk	748.0	比特幣最終到底會漲到多少？
YCJihVoG508	2534.0	隨著區塊鏈新技術下來後，許多ｌLayer1 公鏈都會慢慢消亡
pUuCMSxX11Y	332.0	現在時間2025年中旬若還有資金要投入加密貨幣該選哪一種？
yYQFPZP_2E0	6585.0	AI加持下人均生產力將大幅提高，而社會上的無用之人口也將大幅增加，也就是世界上無用的哥布林只會越來越多。如何管理有才華的員工、唯一方式就是階級管理法
uR-vC7gjvzw	4901.0	20250702台灣JAM進度報告
ws6O4E3YDuk	7671.0	小心人生入錯坑！拉黑的對象不是只有單一個體而是整個群體
HNhUJUx_yns	5141.0	為什麼千萬不要請員工吃飯？
VGsol3j8eSc	2630.0	固化階級的不是統治者而是你自己
VqU3JOeRhbY	4863.0	深夜講堂：你窮，就是你父母有問題。於是你必須替父母還債、幫祖先追趕已經失去的進度
tV3gYh55I-I	4097.0	JAM下場後的龐大轉接槽商機 數月後或許我們將再次募資 成為JAM代工原始碼VC
0DUhbrF3lLY	6628.0	20250626 台灣ｊａｍ報告
WkHqMbHmMX0	6406.0	你認為的低點    或許其實可能是高點   多頭可能早就已經   爬個象山冷靜冷靜，你準備回歸去當哥布林囉～
7AiSa3FIMCU	5877.0	人生成長的第一步與自己和解與自己對話
ua0kMgqSA74	3800.0	終於找到賺錢的底層基本邏輯與原理？
MvQYoFgTMkA	5994.0	20250619 台灣ｊａｍ報告
kWrc3PlU4XE	7981.0	真的是你想的那樣嗎？
PoDx0qMYgbY	5635.0	為什麼我絕對不會去簽訂生前器官捐贈？
2-JQYJIuA_A	7102.0	台灣何時舔狗才會消失？祛魅之日到臨時、donate女主播崩盤日
3HU3g460MOM	14974.0	任何人生失敗原因只有一點，那就是沒有了解人類行為世界底層的邏輯！
REFhfsa9JtQ	11363.0	自己沒本事之前千萬不要去渡化他人！自己都不是人、卻還想要指導他人如何當人？
SKCG_YftP34	4849.0	環遊世界是一件很棒的事，但是千萬不要去窮遊，窮遊世界只會讓自己更窮～
5vuXmiV63ww	4728.0	20250605 台灣ｊａｍ報告
6P9J_MjNihY	4021.0	選擇優質女性一起過活很重要！問題是，你知道誰才是優質？誰會是拉機嗎？
grzoNKSXmKM	7887.0	世界上根本不存在I人或E人！
5UrTgCGrx84	7584.0	思想邊界讓底層人永世無法翻身！
uIyb9EHfSTg	10048.0	女人就是不可教化的生物體
tkZwy4Hs4qo	14753.0	底層人民永遠不會懂系列： 2 為什麼不要跟笨蛋溝通？不是因為他愚蠢，而是居然還要提供他那一文不值自尊心的情緒價值！
K2B4Ouzrht0	4993.0	掌握好自己人生就不會成為哥布林
ILLE0cukceA	5728.0	如何做到親情、友情、愛情、姦情4情面面俱到
sQRcLUCBPM0	4041.0	底層人民永遠不會懂系列： 1 為什麼人一定要攀比？ 攀比才是人類文明與基因進化的最大動力
UVw4z0xhito	4486.0	為什麼永遠不要原諒任何人？
j4VZCv13kJE	11383.0	哪裡會是台灣男人心中第一宜居帶首選？
iTkQvWI-QP8	9176.0	為何有許多強者男人結婚後就變成龜男？
atFXFJmxoOU	7122.0	辨別人之維度方法論！
d9fMg14kfhg	7406.0	拉黑刪除封鎖非常冷淡的女人
myD-grq7wnE	10061.0	DRtalk359 從六道輪迴看你自己的人生 天道人道阿修羅道地獄道餓鬼道畜生道 你正處於哪一道？未來走向何道？
JxJUUv3PvRQ	10320.0	20250522台灣ｊａｍ報告
J_3mwb4_lTo	11492.0	西方飲食的文化真諦！
ZFZTRfiKtRU	8972.0	不同階層認知的人們除了買賣與業務需求外真的勿需往來！因為都在彼此浪費時間！不須任何溝通！ 認知不同的差別決定了人一生成救的高低不同罷了！
-plvV30EDng	5130.0	半夜登象山
qd7gMmiOHOE	7949.0	認知決定了人的一生
iCqECuC7fLA	7861.0	輝達總部落腳士林誰是最大受益者？
REsYVqKQhH0	5712.0	愛表答自己觀點的皆是社會上的底層蟲子，不分男女，立刻將他們拉黑刪除封鎖！
UXnQJk50AIU	5865.0	每個年代成熟的男人年齡都不一樣。
voDGX8L3q9w	6689.0	我一直不想說出來的真話，放棄助人情節
irejRa0es-c	5718.0	看看LV集團旗下的下午茶店如何？
L6a6dXTDHrk	9124.0	冷靜思考一下是不是該用dot系統加密貨幣去環遊世界了！
0TLVeRNAi2g	7064.0	實況女主播想嫁富二、三代都是痴人說夢的想法～
FjZtey73DOs	10570.0	20250514台灣JAM 進度
50pyiELs6Hk	11591.0	第一次夜爬象山開直播
jKE_kFbJh80	4524.0	道法自然可以大量減緩內心焦慮！好好修練看看～
J9jbvhM_5sU	5582.0	比特幣已上10萬美3天 再來呢？何去何從？
qaLHA9sYamE	6586.0	20250510北美館看攝影藝術展！
i20hxJq2EJ4	6025.0	來外交部辦護照試試手氣看看能不能過！
UbUA7VYY6Ik	10093.0	眾凡有所見皆為偏見！ 我打算用自然呼吸法登錄東京！
UEJMovX7A-s	12.0	繼續練習做菜。今天換成是蘇格蘭的鮭魚排以及鮭魚肚，老闆娘說很好吃比挪威的好。祝大家早日幹櫻花妹自由！
LO4OGnKxBLc	5489.0	不要跟不同頻的人說話 因為這些人都帶著惡意
KjskWQDHu8Q	4364.0	如果把馬階博士的奮鬥當創業來看。那你就知道人生該如何努力了！
ZlkoKx2t14w	4452.0	日本房屋該如何選？戶建好還是公寓好？
Q4RzYOMN9pE	6878.0	人生什麼最重要？拉黑刪除封鎖最重要
FvnlN5KPSo4	7743.0	人生的匹配很重要，匹配錯了你就完蛋了
PkhokC-3J2k	11.0	「多了一顆鏡頭」這一次的Mac Air居然有這種桌上視角功能，這樣子如果想要展示自己桌面上的東西就可以很方便的執行！不錯喔！
CCC2lcDcql0	7534.0	20250501 台灣ｊａｍ進度報告
nG1chNdNuIw	4408.0	1 1995潤八月的回顧 2 2025到東京等日本買房 要有承受日房跌價損失的打算 3 誰才是你的敵人？
p4TAmHRe_Tw	603.0	你絕對不懂的高階社交法，一般的向上社交通通是浪費時間的無效票啦！
1GlMtLL-Qr0	12.0	人生不要等，再等下去任何的變數都很大
-Zy0IUwar_Y	9.0	該爽的日子趕快爽，莫待不能爽時空歎息
7DXn2uuu2Dc	6966.0	聊聊台灣挖礦歷史
1aPKPSB2QyU	7771.0	聊聊為何東京是台灣人海外最適合長期居住的地區！
kD6grFOgx3E	211.0	大時代的意義 化危機為轉機化轉機為商機 永遠不要當坐以待斃的傻逼
BnrczKtRJ5M	356.0	1 世間上任何護城河都沒有用;改變遊戲規則者通吃。2 比特幣能否進入黃金螺旋！？
ffksztVzJSM	356.0	1 世間上任何護城河都沒有用;改變遊戲規則者通吃。2 比特幣能否進入黃金螺旋！？
cTJmRhO95ko	9366.0	鍛鍊身體健康發財、進出東京都為國爭光
FDOOSduwq04	13747.0	要移動屁股那就要積極準備 人生要懂的趨吉避兇 改變就是人生最好的不變
zaU1R-IHCH0	3674.0	人生資源的不可能三角 時間 金錢 知識
xMSZljVRd28	7523.0	1 人生脫貧的第一件事是什麼？ 永遠不要聽窮逼講話 連一個字也不要聽 2居住永遠要找生活方便地區 房子才會保值
4PAYmUKovYs	8442.0	英雄不怕出身低
9W_lAXO3beM	7388.0	在這時間點我們有方法全面使用加密貨幣100%生活嗎？ 答案當然沒問題～該怎麼做？
ds3JNPN9cHs	8124.0	繼續運動、健康發財、人生翻身真的是一念之間的事！『認知決定了一切！』
WMdaJ0CQ-PI	16398.0	前進東京學習日本生活與文化 塔樓、一戶建、公寓該如何選？
rxRgjRe8PxU	9222.0	4/02直播上線1.DRtalk357 如果現在你會覺得內心有點焦慮、恐慌、不安，那麼你就應該要學息何謂『野馬效應』 2.世界上最快速的學習法：費曼學習法。
aKsRUvF5T1s	2466.0	為什麼有人會去當空中飛人？ 融資維持率計算給你看 高點all in融資買入台積電已經被追繳
UMgDo_0kSts	1054.0	以太坊暨波卡聯合創始人伍德博士訪台灣演講全記錄Q&A（二）20250219
kErv1xcSswo	7992.0	以太坊暨波卡聯合創始人伍德博士訪台灣演講全記錄（一）20250219
QElmkVDXZ74	294.0	將Khala的pha代幣轉至小狐狸錢包20250113。若嫌以太坊的年化太低了，那可以透過上面的subbridge將pha轉移至波卡系統。選1603委託管理
Z3EhyaW-k9Q	361.0	今年2025的台北101的煙火真的是超級的長話6分多鐘站在我家陽台跟大家一起跨年吃大餐祝大家在新的一年當中健康發財破除高學歷博士蟲族天花板不利的流年晚婚、約炮當保全祝大家美夢成真
YyCKAjao_Js	493.0	Pha從KSM系統搬入Polkadot系統方法（不想搬家的話人，仍可留在原地項目會自動入以太坊）。目前pha的波卡直通鏈只有Gate iO有，其他交易所通都沒有直通線。
WDJ-iSsnE-Q	63.0	DRtalk336集 特別邀請超級豪宅仲介天花板御用建築攝影師陳運奇訪談 大型招待所的典範建築
Pz51YZeAbFM	64.0	DRtalk336集 超級豪宅仲介天花板御用建築攝影師陳運奇訪談 當代工業風設計之驚人拍攝
XMKqbloAOIg	61.0	DRtalk336集 超級豪宅仲介天花板御用建築攝影師陳運奇訪談 晶華酒店美國運動黑卡中心裝潢美照圖
JkXcXz0KJXo	110.0	DRtalk313集事實上美元本身才是最大的毒品交易與洗錢工具
xo5VpMvYms4	3123.0	DRtalk310集今晚DRTALK 邀請全臺灣第一位留學法國的職業吉他演奏家蔡世鴻老師上來跟我們聊聊未來的音樂計畫！
hSpSUwcLDaE	611.0	本席宣判電動車死刑-新能源車已經開始潰逃、以後也將必敗的原因解說！久方武並非不看好新能源，而是認為新能源會大潰逃
Z12DYwEW7lw	226.0	波卡眾貸項目方LAOS設定出錯處理方式
jqVAmQlHLHQ	713.0	DRtalk231集：信義計劃區的父親是如何訓練自己的女兒長大成為神力女超人的？
T_iO_17GV54	13.0	2022十二月Defi理論實操與加密資產利潤極大化內容預覽
qFPTha_OwrI	13.0	2022九月加密貨幣質押賺取睡後收入內容預覽
KnMXkEmBB30	13.0	2022五月 白嫖課程內容預覽
XPlNgw-UCZc	503.0	為什麼久方武不滿足只能賺600%的比特幣，寧可買賺2000%的山寨幣？2024年1月6號線上課程公佈那些幣有機會！
RY8PPex42ZY	795.0	DRtalk 178集 『拉黑、刪除、封鎖』是所有一般人與底層群眾進行階級跨越時唯一最快速的Lesson 1。是的，你沒聽錯，必須全數拉黑、刪除、封鎖現今所有朋友。 拓展新的人生觀到底有多重要！
BJRRoN6DGUU	441.0	DRtalk 169集 青蛙共振＝傻子共振 InvArch眾貸質押精彩片段
5xg0PnUNY5Q	582.0	DRtalk 164集  人生命運改變、社會地位站起來，一切都必須靠自己
1tfucRw0dJw	29.0	不用手摸，全世界只有久方武可以用拍照方式看出女人是否整型過？
IRap5WE9xAc	313.0	DR160集 為什麼別人天天爽吃米其林，而你卻沒辦法，原因出在哪裡？你到底把時間放哪裡去了？再強調一次跟賺錢無關的新聞是什麼新聞啊？
z3ZkAoEIO-I	140.0	DRtalk 159 集 與賺錢無關的任何消息，皆是娛樂新聞
U-Cd-m8Ezig	441.0	為何做加密貨幣合約的下場最終都是清0
Aj-humeb-jE	191.0	藝術品的投資都是先低後急速翻高
sIlLGROuUQ8	831.0	勝利的投資皆源於準確的投資節奏 精華
TqjHQuZu9LM	207.0	永遠不要相信專家要相信贏家- 透過現象看本質、聽其言觀其後謀動
BO0gD8GuCXg	183.0	藝術投資會是個好差事 部分精彩片段
R4PsMJAdY5g	533.0	DRtalk 158集 人生發達必須避開巨嬰效應！
WAKDXUezvzU	2088.0	DRtalk 157 下集 自我改命的時刻到了，如何讓生命邁向富裕生活？ 哪些人你必須立刻拉黑、刪除、封鎖！是馬上做、立刻做、千萬不要猶豫！立刻拉黑那些人是你邁向人生正能量的第一步。
Mh1ZG_7JOZI	1399.0	DRtalk 157 上集 從比特幣的三大風險看比特幣到底是中心化還是去中心項目！
MT9SDw_tKuA	2209.0	DRtalk 156 下集：為何空姐最佳人生終點就是竹科工程師，但是她們爲什麼不認命呢？ 有9種職業的女人不適合娶！
gvjEIP4-1Wg	2317.0	DRtalk 156 上集：任何投資都有風險。加密貨幣的風險可能在哪裡？
E-3u5NYYruc	3700.0	DRtalk 155 集 為何金融投資業是所有行業的天花板？金融投資是永世不會退流行的行業。說金融行業有多好就有多好！
p3YtiSTqbwk	1858.0	DRtalk 154集 賺錢做生意、做加密貨幣真的很簡單，就只是複製＋貼上！
iqNi4fIHHtI	2319.0	DRtalk 153集 投資BRC 20加密貨幣是不是一個好機會？為何我們必須學習哲學課才能發大財？
08zs9OBSkCE	2292.0	DRtalk 152集 普通人跨越階級甚至賺到100億元其實非常簡單，取決你的一念之間。為何有錢人總是避開與窮人當朋友？
pD5Nd_NiKfc	871.0	DRvideo 68集 委屈的和平也是和平，鏈下的工作也是工作，帶你了解鏈下工作機原理不用受盡委屈
36qr3jW2uu0	1836.0	DRtalk 151集 全球正在面臨50一遇的經濟大衰退！從1929年當年的百年經濟大衰退談起。我們如何避險並且反將一軍獲利。
hEEhtFjGqi8	1085.0	DRvideo 67集 區塊鏈也有世間情！每個人都能參與的鏈上治理！
Wjzvw8LOqtI	970.0	DRtalk 150集 財富積累的演化已經從勞動力槓桿到金融槓桿，再進化到最新的時間槓桿。何謂時間槓桿？如何利用時間槓桿進行階級跨越？破除財富馬太效應
oZTed0VJyY8	958.0	DRvideo 66集 波卡鏈的輕奢品味，輕客戶端讓你優雅尊貴，享受至臻品質。
LLJh85ejOiU	3840.0	DRtalk 149 華爾街大佬的投資邏輯上的問題點 新冠後的華爾街投資輸家！一次總批鬥股神華倫巴菲特、方舟木頭姐女股神、橋水基金達里歐！
SAcfL_ZiEAk	969.0	DRvideo 65集 午餐吃什麼？阿公帶你去吃麥當勞。簡介 GRANDPA／BABE
lHKtul45lc4	2041.0	DRtalk 148 為什麼人生悟道後財富會立刻自由、世間上所有煩惱會立刻消失 久方武人生哲學課程即將上線。從去年Luna崩盤至今，Phala 長期質押已經讓我賺進250%-300%之質押睡後收入
v7o7PpUrbBA	787.0	DRvideo 64集 簡介 從大麥克指數來看區塊鏈通訊協定XCMP:HRMP
wmXaraIwxhU	957.0	DRvideo 63集 簡介 WASM 與 XCVM。從棒球經典賽看跨鏈虛擬機
Xa-bnCAIj6k	1520.0	DRtalk 147集 美國中小商業銀行危機與加密貨幣漲跌的關係。比特幣為何眼見要突破，又經常被拉回？
ixuMfZRwoXc	456.0	AMPLITUDE staking app
HKBS2ncuFto	1241.0	DRvideo 61集 「資金、創意、夢想：看Polkadot如何贏得群眾募資三大關鍵」
YKYjFqHLYKA	1354.0	DRtalk 146集 中本聰本尊是誰不重要，重點是你要如何才能成為下一個偉人中本聰？從中本聰發明比特幣邏輯上我們又具體學到了什麼？
qoxmxhwTYwE	981.0	DRvideo 60集 收集人的夢幻陣容：用區塊鏈打造你的夢幻棒球隊
Mj0eNkoPuXA	2023.0	DRtalk 145集 AI人工智能會全面取代人類嗎？最終會消滅人類嗎？誰在利用AI斂財？
bL5cNtIMLFM	4828.0	DRvideo59集：人類簡史這本書的重要性在哪裡？
Xifrhn7XLzU	103.0	Astar Staking 卡關無法claim領取獎勵的解決方式
S2Tbpujscgg	1591.0	DRvideo58集：從缺蛋風暴來看波卡如何整合數據結構不斷鏈！
nsQaBsUkCRs	1216.0	DRVvideo57集：成就波卡的幕後功臣！看「parity」如何把創意化為區塊鏈的實錘項目！
EwP5tABNNx8	1493.0	DRvideo 56集 被ＡＩ取代？裁員潮？看ＷＥＢ３基金會如何在逆境中殺出一條血路！
Hb_Qr2rf4oA	1494.0	DRvideo 55集：立春快做1事狂補財庫！了解substrate發財秘招
KP3YP3KjksA	1224.0	DRvideo 54集 :進擊的草間，從ＫＵＳＡＭＡ出發到ＰＯＬＫＡＤＯＴ上
oZgTBSaFvkg	1605.0	DRvideo 53集  V神不講伍德，誰才是《Web3》的最終贏家？那些白皮書也沒說的幕後秘辛
W7l-AVRw5vg	1446.0	DRvideo 52集  注意看，伍德博士太狠了！他心中所想的Web3 0竟然是這樣！
g5kESfg7FSI	684.0	Phala2 0如何解質押委托久方武代操
Fk_lb4LUjKs	474.0	PHALA2 0 如何進行委託代操質押
OUg-gYE7Zig	1473.0	DRvideo 51集  從手機進化史來看區塊鏈Layer4，就知道熊好券為啥難用
UDe5OIoRdME	286.0	AMPLITUDE質押卡住後，如何重新激活獲得rewards！天天複投、天天發財
NbGUq1rHOgc	288.0	波卡錢包是世界最安全的加密貨幣錢包
sYF_DdPAprk	1212.0	DRvideo 50集  了解layer3，不用靠台積電，你也可以在區塊鏈訂製你的世界
pgGkXSLKHIw	1519.0	DRvideo 49集  從卡達世界盃來看Layer2，波卡如何在區塊鏈下一盤大棋
PmA0OhTC5ak	1370.0	DRvideo 48集 Layer1讓你成為神奇寶貝大師，不用花25年
85ctg2ih-Kg	1417.0	DRvideo 47集 踩雷FTX歸零了嗎?不如來了解底層架構Layer0
_lGds70wYyw	1342.0	DRvideo 46集 搞懂跨鏈橋你也可以像雞排妹一樣跨戀日本醫師
6-7pRX1Mfgk	387.0	2022 Defi理論實操與加密資產利潤極大化方法論 兩課合一  KSM匯幣與個人報名填寫單-早鳥開始(示範片）
S3ZEVvNNA54	1527.0	DRvideo 45集 為何波卡平行鏈將會是區塊鏈世界第一個進入商業應用的公鏈，其他公鏈都遙搖無期
UxuvJW85b5g	1688.0	DRvideo 44集 搞懂總鎖倉價值TVL避免變成區塊鏈的台積電超級韭菜
pgmfigwKJx8	1252.0	DRvideo 43集 交易所百百種，選對交易所不用當弱弱的韭菜
jpsKVzo6-D4	1546.0	DRvideo 42集 了解分片技術，你就是區塊鏈的菁英＃不是微菁英＃94菁英
r7X7OHnFNxI	1414.0	DRvideo 41集 狀態機，進入WEB3的敲門磚，可不可以放進去一下下就好？
sXAga-IsnpU	1594.0	DRvideo 40集 元宇宙自由行，免簽免隔離，你做好準備了嗎？
wZaykUrjoaM	438.0	OAK眾貸，不錯。動作要快
7RYx92e4FYQ	1284.0	DRvideo 39集 活用區塊鏈瀏覽器 爽吃海鮮沒壓力
g8ZdGKtzL_s	1241.0	DRvideo 38集 沒有去中心化身分，假帳號嘛！還有臉說自己是Web3，不慚愧嗎？主講人：
_Tl8ewblBNE	1512.0	DRvideo 37集 複利雪球！Staking 質押恆久遠～web3 標會永流傳！
2Fr40GeUI9E	838.0	參加睡後收入課程導覽影片
57X1lTWRrWg	1317.0	DRtalk 144集 搞懂塔西陀陷阱～進入真正web3去中心化社會！
KnbAj7vhRO4	591.0	如何將波卡平行鏈幣轉入gateio賣掉。以轉NODLE為範例(下方有註冊 Gate io等各種常用交易所優惠碼連結）（新手必學）
KkrxnxNchLM	1770.0	DRvideo 36集 引用區塊鏈P2P網路～避免你的論文被抄襲！懂的人就懂！
gdM8ZZnQCF0	308.0	如何利用波卡錢包轉帳（以轉帳ksm為範例）與設定常用轉帳錢包地址
hahpovDYTls	1103.0	DRtalk 143集 讀懂血酬理論，掌握你的人生和財富
FDRu0GJqTEY	1558.0	DRvideo 35集 去中心化存儲，自己的資料與人生自己掌握，不用到柬埔寨追夢
ddYzNUp-OM8	450.0	如何了解SUBSCAN 的使用與應用
VMdwdGuzGDk	1711.0	DRtalk 142集 了解電車理論～貫徹心中屬於自己的元宇宙！
m6nCdjHH0AM	1665.0	DRvideo 34集 獻出你們的心臟吧～將你的靈魂綁定在真正的 Web3！
nhrotG4wcGs	237.0	MEXC(支援波卡平行鏈幣最多。小幣交易天堂，必開）https://m.mexc.com/auth/signup?inviteCode=1LocA　　　　　　（新手必學）
3rfI80tsTgk	1531.0	DRtalk 141集 從moonbeam被駭、關機事件看～為什麼波卡是全世界最安全且是唯一的layer0大公鏈！
iHqnWJhnRfU	1353.0	DRvideo 33集 拒當奴才～網路獨立宣言的啟發， 實踐經濟獨立，才能隨心所欲
--5sfOrwB7Y	1113.0	DRtalk 140集 梅特卡夫定律～掌握網路效應選擇正確風口！
EEkwEo2RLlM	99.0	metamask錢包最新版本更新方法
vC7giBA8esw	1220.0	DRvideo 32集 了解區塊鏈預言機～超越印度神童與水逆！
5yGgmBlLSes	1436.0	DRtalk 139集 路徑依賴法則～培養人生正確價值觀的重要性！
zdD_lFgE77Q	1514.0	DRvideo 31集 加密無政府主義宣言～揭密波卡伍德博士的終極思想 Less Trust More Truth
Iyxd8jYrLaI	1005.0	DRtalk 138集 不值得定律～做出人生值得的正確投資與選擇！
_HL1m5zDbpA	1557.0	DRvideo 30集 看看你的錢還在嗎？選對加密錢包，真正自主掌握自己的資產
7L8Rd6JfPJQ	1696.0	DRtalk 137集 即使熊市比特幣跌到1美元，為什麼參加區塊鏈投資一樣可以獲利 如何挑選優質項目
ApMhTVxqr-A	1545.0	DRvideo 29集 Token經濟 錢沒有變不見~只是變成你喜歡的樣子!偷啃經濟學~建構新世界!
Vmb31m1PntQ	276.0	如何做區塊鏈研究？首先要懂得如何尋找名牌潛力在哪裡？
4RD9UD8Hrd4	241.0	Amplitude是一個0通膨的項目！只要大約質押30多個ksm，就可拿到破萬分之一持股比例，這機會實在難得啊！
L0UVHiu6u7w	602.0	Pendulum（Amplitude）項目是什麼？
N-rl2tfk4Rk	97.0	Interlay即將在4小時後上線MEXC等交易所！正式掛牌上交易所！（有抹茶開戶優惠碼）
ChaT-M9K12w	1429.0	DRvideo 28集 你知道穩定幣是什麼嗎？不是數學家也能懂的解說～聽起來還不錯吧！
P7cUk_yO8U4	206.0	Amplitude 白嫖眾貸，好項目大家動作要快啊！太多人搶了、多10%紅利額度快沒了
ugkD2TvoVM4	1925.0	DRtalk 136集 如何在熊市中佈局加密貨幣戰略等待牛市成為億萬富豪～一百個一萬分一戰略大佈局！
jvxWez6qNP8	1372.0	DRvideo 27集 王心凌男孩硬起來～搞懂區塊鏈分叉為姐姐投下神聖的一票！
jucVSBA2JcE	2851.0	DRtalk 135集 區塊鏈世界最有前途的波卡系統～平行鏈３雄的大未來（中）
FcsTP_2eZBk	2973.0	KuCoin開戶：https://www.kucoin.com/r/rf/rBDYXYY  推薦碼：rBDYXYY （新手必學）
7iS9_WTyzk8	129.0	如何生出一個Interlay錢包地址給久方武，以便轉讓Interlay代幣給你
GOWj8N19emg	1402.0	DRtalk 134集 為什麼蟑螂螞蟻罵你不會生氣？搞懂空船理論才會發大財！
KR6ZsmTV_IM	1891.0	DRvideo 26集 區塊鏈2 0的母體-EVM與台灣原創人眼觀點的深度解析！
sBa88sZhwI8	1360.0	DRtalk 133集 突破人生的海馬效應～了解台灣原創人眼觀點！
Lhcixg1Xam0	1884.0	DRvideo 25集 區塊鏈精神～加密龐克宣言與台灣原創人眼觀點的深度比較與詳解！
AwqM0okbqHY	1223.0	DRtalk 132集 平行鏈3雄Astar、Acala、Moonbeam深度講解與比較！
4uTGSEmyjBw	696.0	新luna已經空投下來了，舊luna怎麼不見了呢？
bAm6Q0-cbAA	566.0	LUNA改為classic 開盤瞬間！舊luna未來何去何從？
lGGMcD1hsD0	1630.0	DRvideo 24集 搞懂區塊鏈非對稱加密～人生不用靠聖筊！
wpM0awvC3fQ	584.0	Alright, it is happening. @NodleNetwork parachain migration thread, here we go
usFy1EljOqY	1543.0	DRtalk 131集 當前金融與科技正面臨歷史轉折點～未來該何去何從？
EMD_A5oX0k8	283.0	Terra Builders Alliance: Rebirth Terra Network 如何對luna硬分叉進行投票？
7GuGdWhuYAY	1831.0	DRvideo 23集 比特幣與貝殼：貨幣都進化了～你還在等什麼？炒底？
Jr5mGfeEBY8	1873.0	DRtalk 130集 了解生活中的林迪效應～讓你越活越年輕！
qmFCfk4XEq4	95.0	一個比特幣3個世界
pX1Y3KgJsX4	358.0	Ajuna Network is a decentralized gaming platform。早鳥10%優惠快要結束了！只剩80個名額，白嫖老鐵動作要快！
sjGtDa_SXaY	1940.0	DRvideo 22集 智能合約讓你說好了三年就是三年～不用三年又三年！
5thET61LC6Q	1009.0	DRtalk 129 從哲學角度破解股神巴菲特就是金融界的大老千 揭開巴菲特的超級騙術與幻術
7P1TNYwvPYY	478.0	Good news! — you can claim your #EQ rewards
c_oEfvoDWPE	516.0	Interlay ,how to claim
LaHUOkGOZiY	85.0	About Turing Network bonus
oSSnWPwMq-I	308.0	AJUNA CROWDLOAN （web3.0版之遊戲項目）
nQx67hT0Ga0	965.0	DRtalk 128集 選擇正確道路～突破人生鄧巴數限制！
ED6M2m5YAzg	2051.0	DRtalk 127集 音樂出發到NFT，再到公益慈善的心路管理創業路程
pzrU8Wp2Fe0	1675.0	DRvideo 21集 What is the future of Bitcoin？（元宇宙大秘寶～ 中本聰：去尋找吧，我把比特幣的秘密都藏在這封信裡！）
iTjmQK9uQHU	2408.0	DRvideo 20集 認識乙太坊2 0，乙太幣才能帶你飛
a_A5tPf5mv0	1589.0	DRtalk 126集 人生道路上如何避免格雷欣法則
nQ_MAlCOjZE	292.0	LITENTRY 項目
u92KRIIRaLk	1710.0	DRvideo 19集 搞懂區塊鏈的零知識證明～證明自己心中的元宇宙
EX0vIajAYyg	1619.0	DRtalk 125集 了解橡膠手實驗的秘密～視覺先決看見財富密碼
-SdIytn40Ko	1602.0	DRtalk 124集 為什麼省吃儉用了～還是沒辦法變有錢人-節儉悖論
kvhtSFgBKbQ	1696.0	DRvideo 18集  如何避免成為韭菜～了解區塊鏈 Defi 中的無償損失
v27jqamKTfA	447.0	救新冠時美國政府真的有開印鈔機印錢嗎？
jIRJPyRAQeE	2067.0	DRvideo 17集 搞懂區塊鏈世界三種攻擊才能真正安心發大財
80MfflXJqas	1733.0	DRtalk 123集 掌握路西法效應走上人生正確之路
BGxG1_DW2EQ	2069.0	DRvideo 16集 只有了解區塊鏈世界中的不可能三位一體才能發財
2IwstauSuco	1116.0	DRtalk 122集 如何在生活中逃脫馬爾薩斯陷阱？
OqD8ghSvdc0	152.0	選擇ＮＦＴ平台的重要性
gH_BPrDFp_c	1738.0	DRvideo 15集 想要在區塊鏈發大財～必須了解拜占庭將軍問題（下）
wA8glKebEmw	1474.0	DRtalk121集 稟賦效應對我們生活有何影響？
SWdFggN4YYU	1006.0	DRtalk 120集 如何使用起司醬理論～做出人生正確選擇
0FXvRGXsg60	1642.0	DRvideo 14集 想要在區塊鏈發大財～必須了解拜占庭將軍問題 （上）
5KbK3J98rig	463.0	為何去中心化的區塊鏈競拍要採用蠟燭式拍賣方式？
0CiAyVs0eec	2599.0	DRvideo 13集 為什麼我們需要Web3 0？對我們人生有何重要影響？
TSnZfdLsJg0	1292.0	DRtalk 119集 如何逃脫FOMO控制，進而自控人生、發大財
gEQKCqzENNE	1751.0	DRvideo 12集 財富雜誌NFT世界前五強 台灣之光pplpleasr（下集）
qfFU_BcgTJI	973.0	DRtalk 118集 凱利公式原理與應用。人生發財的應注意事項
b95eZbvpQXE	2384.0	DRvideo 第11集 財富雜誌NFT世界前五強-台灣之光pplpleasr(上集）
LF-vwaS4qJU	1115.0	DRtalk 117集 人肉預言機與區塊鏈預言機的大用處
Fo_Vtu6qJFg	1206.0	DRvideo 第10集 為什麼Openseas能成為NFT銷售平台最大的霸主
irhgrW9JLMc	1552.0	DRtalk 116集 『從25號宇宙看人類行為沉淪問題以及解決之道』
U8fCLSvr0_Q	1763.0	DRvideo 第9集 CryptoPunks創立NFT藝術新世界
Ksbm0aNKIJI	1501.0	DRtalk 114集 從多巴胺與內啡肽人生，看攝影與攝影藝術的不同
cNj3v8JVkBo	1343.0	DR talk 113集 人生的元認知世界
wYkFJs7pwM8	246.0	最簡單最便宜又有效去除水果農藥的方法！電動牙刷超音波水洗法！
auJBorJN4Co	1478.0	麥克風 Test 01
YpsYfGUEzQY	244.0	Photo by 久方武 2012
FwInDAxQN5Q	208.0	Photo by 久方武 2011
N8Y-lgmQeu8	222.0	音樂照片 01
-evLlalIRv4	61.0	2020台北藝術博覽會 久方武  S13展位
Djf3VGXBHGY	110.0	Soccer
uJpiG3KNNjk	115.0	Inline Skating
aXrlA_OnElg	142.0	文明向前走 預告片
Gh3DDBzFFSc	332.0	RGB#03 B
vz3VOKpnKUg	168.0	光之願  Wish of Light （Place:2019日本東京代官山藝廊展場指定音樂）
3DMrpThaBb4	249.0	『記憶中的未來-海島六首』-第四樂章 群鹿平原
KnHYgFfbet8	1276.0	Future of the Memories of the Island—Six Pieces 記憶中的未來-海島六首
l37YBb09L2Y	175.0	海島六首--記憶中的未來（ Future of the Memories of the Island—Six Pieces）
DyKhaM2S45M	436.0	如何吊掛大型超重量照片
UBDAVM_PdHA	161.0	久方武夜雨拍攝方式大公開
5g-ZHimLjc8	263.0	久方武 2018
mqSF0aqpKDc	1954.0	2018DAPA 久方武作品研討會
qL7PqPi-zps	157.0	久方武 攝影集(2016.09)
dhIVM88Y27w	40.0	久方武中秋帖卷軸孤本
h_CuypyQ1gY	908.0	創藝多瑙河 專訪久方武 (YU PU PIN) 1/3
VmrpMMTfwns	1030.0	創藝多瑙河 專訪久方武 (YU PU PIN) 2/3
mHSASKMW3us	801.0	創藝多瑙河 專訪久方武 (YU PU PIN) 3/3
K4T-pUmxpWY	139.0	月夜愁
LzQ6WIqLLkY	147.0	night
gmoddNJ2Zeg	45.0	YU PU PIN（久方武）-checking
2hTrocao39M	181.0	A traveler`s anniversary trip in November
dH9sRdsOHHI	18.0	classic film
lRxlrv1GCRM	41.0	YU PU PIN (久方武) -Rain at night
iZRUL86YRWE	92.0	4x5片夾漏光補修方法
tI56sOh94BA	37.0	挑片ing
J3TowfpeTZM	16.0	fujinon 250mm人肉對焦銳利度測試
uEzyh32YnuI	145.0	FUJINON 250mm
FdEu4VkYIN0	90.0	清洗馬桶
scSplD2RNV0	298.0	大畫幅相機成像圈大小測量與成像原理介紹2/2
TRFL0OpPU2E	25.0	大畫幅相機成像圈大小測量方法與成像原理介紹1/2
NEvRc4qvfGY	208.0	安裝4x5底片進入片盒
z-dqeVHQPYU	395.0	二款4x5底片暗袋介紹
MiECqP2tAl4	165.0	fuji 210鏡頭使用解說
qLcsSqCeHyI	31.0	如何取下sinar對焦屏！
